"HS1 2AD",10,142442,932834,"S92000003","","S08000028","","S12000013","S13002605"
"HS1 2AE",10,142415,932627,"S92000003","","S08000028","","S12000013","S13002605"
"HS1 2AF",10,142644,934195,"S92000003","","S08000028","","S12000013","S13002606"
"HS1 2AG",10,142736,933295,"S92000003","","S08000028","","S12000013","S13002605"
"HS1 2BA",10,142181,932764,"S92000003","","S08000028","","S12000013","S13002605"
"HS1 2BB",10,142467,932715,"S92000003","","S08000028","","S12000013","S13002605"
"HS1 2BD",10,142213,932792,"S92000003","","S08000028","","S12000013","S13002605"
"HS1 2BE",10,142240,932764,"S92000003","","S08000028","","S12000013","S13002605"
"HS1 2BG",10,142260,932769,"S92000003","","S08000028","","S12000013","S13002605"
"HS1 2BJ",10,142358,932765,"S92000003","","S08000028","","S12000013","S13002605"
"HS1 2BN",10,142455,932752,"S92000003","","S08000028","","S12000013","S13002605"
"HS1 2BQ",10,142365,932763,"S92000003","","S08000028","","S12000013","S13002605"
"HS1 2BS",10,142498,932690,"S92000003","","S08000028","","S12000013","S13002605"
"HS1 2BT",10,142528,932605,"S92000003","","S08000028","","S12000013","S13002605"
"HS1 2BW",10,142890,932845,"S92000003","","S08000028","","S12000013","S13002605"
"HS1 2DA",10,142342,932829,"S92000003","","S08000028","","S12000013","S13002605"
"HS1 2DB",10,142344,932773,"S92000003","","S08000028","","S12000013","S13002605"
"HS1 2DD",10,142326,932919,"S92000003","","S08000028","","S12000013","S13002605"
"HS1 2DF",10,142288,932924,"S92000003","","S08000028","","S12000013","S13002605"
"HS1 2DG",10,142325,933025,"S92000003","","S08000028","","S12000013","S13002605"
"HS1 2DH",10,142359,932973,"S92000003","","S08000028","","S12000013","S13002605"
"HS1 2DJ",10,142537,933421,"S92000003","","S08000028","","S12000013","S13002605"
"HS1 2DL",10,142633,932968,"S92000003","","S08000028","","S12000013","S13002605"
"HS1 2DP",10,142417,932778,"S92000003","","S08000028","","S12000013","S13002605"
"HS1 2DR",10,142372,932921,"S92000003","","S08000028","","S12000013","S13002605"
"HS1 2DS",10,142360,933049,"S92000003","","S08000028","","S12000013","S13002605"
"HS1 2DT",10,142346,933129,"S92000003","","S08000028","","S12000013","S13002605"
"HS1 2DU",10,142392,933228,"S92000003","","S08000028","","S12000013","S13002605"
"HS1 2DX",10,142476,933342,"S92000003","","S08000028","","S12000013","S13002605"
"HS1 2DY",10,142388,933318,"S92000003","","S08000028","","S12000013","S13002605"
"HS1 2DZ",10,142518,933458,"S92000003","","S08000028","","S12000013","S13002605"
"HS1 2EB",10,142409,933317,"S92000003","","S08000028","","S12000013","S13002605"
"HS1 2ED",10,142326,933070,"S92000003","","S08000028","","S12000013","S13002605"
"HS1 2EG",10,142616,933775,"S92000003","","S08000028","","S12000013","S13002606"
"HS1 2EH",10,142485,933825,"S92000003","","S08000028","","S12000013","S13002606"
"HS1 2EJ",10,142437,933901,"S92000003","","S08000028","","S12000013","S13002606"
"HS1 2EP",10,141924,934149,"S92000003","","S08000028","","S12000013","S13002606"
"HS1 2EU",10,142471,934058,"S92000003","","S08000028","","S12000013","S13002606"
"HS1 2EW",10,142182,934077,"S92000003","","S08000028","","S12000013","S13002606"
"HS1 2EX",10,142444,933957,"S92000003","","S08000028","","S12000013","S13002606"
"HS1 2EY",10,142555,933930,"S92000003","","S08000028","","S12000013","S13002606"
"HS1 2EZ",10,142517,933943,"S92000003","","S08000028","","S12000013","S13002606"
"HS1 2FA",10,142881,932845,"S92000003","","S08000028","","S12000013","S13002605"
"HS1 2FB",10,142881,932845,"S92000003","","S08000028","","S12000013","S13002605"
"HS1 2FD",10,142881,932845,"S92000003","","S08000028","","S12000013","S13002605"
"HS1 2FE",10,142881,932845,"S92000003","","S08000028","","S12000013","S13002605"
"HS1 2FF",10,142881,932845,"S92000003","","S08000028","","S12000013","S13002605"
"HS1 2FG",10,142881,932845,"S92000003","","S08000028","","S12000013","S13002605"
"HS1 2FH",10,142881,932845,"S92000003","","S08000028","","S12000013","S13002605"
"HS1 2FJ",10,142881,932845,"S92000003","","S08000028","","S12000013","S13002605"
"HS1 2FL",10,142881,932845,"S92000003","","S08000028","","S12000013","S13002605"
"HS1 2FP",10,142881,932845,"S92000003","","S08000028","","S12000013","S13002605"
"HS1 2FQ",10,142881,932845,"S92000003","","S08000028","","S12000013","S13002605"
"HS1 2FR",10,142881,932845,"S92000003","","S08000028","","S12000013","S13002605"
"HS1 2GA",10,142881,932845,"S92000003","","S08000028","","S12000013","S13002605"
"HS1 2GB",10,142881,932845,"S92000003","","S08000028","","S12000013","S13002605"
"HS1 2GD",10,142881,932845,"S92000003","","S08000028","","S12000013","S13002605"
"HS1 2GE",10,142881,932845,"S92000003","","S08000028","","S12000013","S13002605"
"HS1 2GF",10,142881,932845,"S92000003","","S08000028","","S12000013","S13002605"
"HS1 2GG",10,142881,932845,"S92000003","","S08000028","","S12000013","S13002605"
"HS1 2GH",10,142881,932845,"S92000003","","S08000028","","S12000013","S13002605"
"HS1 2GJ",10,142881,932845,"S92000003","","S08000028","","S12000013","S13002605"
"HS1 2GL",10,142881,932845,"S92000003","","S08000028","","S12000013","S13002605"
"HS1 2GN",10,142881,932845,"S92000003","","S08000028","","S12000013","S13002605"
"HS1 2GP",10,142881,932845,"S92000003","","S08000028","","S12000013","S13002605"
"HS1 2GQ",10,142881,932845,"S92000003","","S08000028","","S12000013","S13002605"
"HS1 2GR",10,142881,932845,"S92000003","","S08000028","","S12000013","S13002605"
"HS1 2GS",10,142881,932845,"S92000003","","S08000028","","S12000013","S13002605"
"HS1 2GT",10,142881,932845,"S92000003","","S08000028","","S12000013","S13002605"
"HS1 2GU",10,142881,932845,"S92000003","","S08000028","","S12000013","S13002605"
"HS1 2GW",10,142881,932845,"S92000003","","S08000028","","S12000013","S13002605"
"HS1 2GY",10,142881,932845,"S92000003","","S08000028","","S12000013","S13002605"
"HS1 2GZ",10,142881,932845,"S92000003","","S08000028","","S12000013","S13002605"
"HS1 2HA",10,142466,933900,"S92000003","","S08000028","","S12000013","S13002606"
"HS1 2HB",10,142516,933854,"S92000003","","S08000028","","S12000013","S13002606"
"HS1 2HD",10,142550,933811,"S92000003","","S08000028","","S12000013","S13002606"
"HS1 2HE",10,142642,933842,"S92000003","","S08000028","","S12000013","S13002606"
"HS1 2HF",10,142790,933783,"S92000003","","S08000028","","S12000013","S13002606"
"HS1 2HG",10,142616,933874,"S92000003","","S08000028","","S12000013","S13002606"
"HS1 2HH",10,142755,933903,"S92000003","","S08000028","","S12000013","S13002606"
"HS1 2HJ",10,142871,933808,"S92000003","","S08000028","","S12000013","S13002606"
"HS1 2HL",10,142702,933769,"S92000003","","S08000028","","S12000013","S13002606"
"HS1 2HN",10,142800,933700,"S92000003","","S08000028","","S12000013","S13002606"
"HS1 2HP",10,142754,933561,"S92000003","","S08000028","","S12000013","S13002606"
"HS1 2HQ",10,142700,933865,"S92000003","","S08000028","","S12000013","S13002606"
"HS1 2HR",10,142868,933629,"S92000003","","S08000028","","S12000013","S13002606"
"HS1 2HT",10,142645,933513,"S92000003","","S08000028","","S12000013","S13002606"
"HS1 2HU",10,142649,933650,"S92000003","","S08000028","","S12000013","S13002606"
"HS1 2HY",10,142735,933648,"S92000003","","S08000028","","S12000013","S13002606"
"HS1 2JA",10,142507,932920,"S92000003","","S08000028","","S12000013","S13002605"
"HS1 2JB",10,142449,932944,"S92000003","","S08000028","","S12000013","S13002605"
"HS1 2JD",10,142443,933003,"S92000003","","S08000028","","S12000013","S13002605"
"HS1 2JE",10,142509,933019,"S92000003","","S08000028","","S12000013","S13002605"
"HS1 2JF",10,142583,932917,"S92000003","","S08000028","","S12000013","S13002605"
"HS1 2JG",10,142461,933061,"S92000003","","S08000028","","S12000013","S13002605"
"HS1 2JH",10,142450,933200,"S92000003","","S08000028","","S12000013","S13002605"
"HS1 2JJ",10,142505,933253,"S92000003","","S08000028","","S12000013","S13002605"
"HS1 2JL",10,142530,933178,"S92000003","","S08000028","","S12000013","S13002605"
"HS1 2JN",10,142482,933139,"S92000003","","S08000028","","S12000013","S13002605"
"HS1 2JP",10,142806,932745,"S92000003","","S08000028","","S12000013","S13002605"
"HS1 2JQ",10,142397,933121,"S92000003","","S08000028","","S12000013","S13002605"
"HS1 2JR",10,142608,933137,"S92000003","","S08000028","","S12000013","S13002605"
"HS1 2JS",10,142562,933273,"S92000003","","S08000028","","S12000013","S13002605"
"HS1 2JT",10,142532,933277,"S92000003","","S08000028","","S12000013","S13002605"
"HS1 2JU",10,142600,933262,"S92000003","","S08000028","","S12000013","S13002605"
"HS1 2JW",10,142517,933068,"S92000003","","S08000028","","S12000013","S13002605"
"HS1 2JX",10,142518,933391,"S92000003","","S08000028","","S12000013","S13002605"
"HS1 2JY",10,142561,933366,"S92000003","","S08000028","","S12000013","S13002605"
"HS1 2JZ",10,142434,933034,"S92000003","","S08000028","","S12000013","S13002605"
"HS1 2LA",10,142595,933418,"S92000003","","S08000028","","S12000013","S13002605"
"HS1 2LB",10,142610,933559,"S92000003","","S08000028","","S12000013","S13002606"
"HS1 2LD",10,142959,933718,"S92000003","","S08000028","","S12000013","S13002606"
"HS1 2LE",10,142915,933636,"S92000003","","S08000028","","S12000013","S13002606"
"HS1 2LF",10,142945,933541,"S92000003","","S08000028","","S12000013","S13002605"
"HS1 2LG",10,142864,933467,"S92000003","","S08000028","","S12000013","S13002605"
"HS1 2LH",10,142756,933424,"S92000003","","S08000028","","S12000013","S13002605"
"HS1 2LL",10,142731,933365,"S92000003","","S08000028","","S12000013","S13002605"
"HS1 2LP",10,142714,933260,"S92000003","","S08000028","","S12000013","S13002605"
"HS1 2LQ",10,142820,933528,"S92000003","","S08000028","","S12000013","S13002606"
"HS1 2LR",10,142677,933185,"S92000003","","S08000028","","S12000013","S13002605"
"HS1 2LS",10,142588,933047,"S92000003","","S08000028","","S12000013","S13002605"
"HS1 2LU",10,142536,933515,"S92000003","","S08000028","","S12000013","S13002605"
"HS1 2LW",10,142671,933260,"S92000003","","S08000028","","S12000013","S13002605"
"HS1 2NA",10,142485,932803,"S92000003","","S08000028","","S12000013","S13002605"
"HS1 2NB",10,142499,932825,"S92000003","","S08000028","","S12000013","S13002605"
"HS1 2ND",10,142543,932830,"S92000003","","S08000028","","S12000013","S13002605"
"HS1 2NE",10,143088,933256,"S92000003","","S08000028","","S12000013","S13002605"
"HS1 2NF",10,142606,932869,"S92000003","","S08000028","","S12000013","S13002605"
"HS1 2NG",10,142700,932857,"S92000003","","S08000028","","S12000013","S13002605"
"HS1 2NH",10,143115,933355,"S92000003","","S08000028","","S12000013","S13002605"
"HS1 2NJ",10,142798,933131,"S92000003","","S08000028","","S12000013","S13002605"
"HS1 2NL",10,143025,933325,"S92000003","","S08000028","","S12000013","S13002605"
"HS1 2NP",10,143067,933176,"S92000003","","S08000028","","S12000013","S13002605"
"HS1 2NQ",10,142708,933006,"S92000003","","S08000028","","S12000013","S13002605"
"HS1 2NS",10,143138,933425,"S92000003","","S08000028","","S12000013","S13002605"
"HS1 2NW",10,143178,933282,"S92000003","","S08000028","","S12000013","S13002605"
"HS1 2NX",10,143238,933513,"S92000003","","S08000028","","S12000013","S13002605"
"HS1 2NY",10,143310,933398,"S92000003","","S08000028","","S12000013","S13002605"
"HS1 2NZ",10,143427,933368,"S92000003","","S08000028","","S12000013","S13002605"
"HS1 2PA",10,143283,933126,"S92000003","","S08000028","","S12000013","S13002605"
"HS1 2PB",10,143402,933182,"S92000003","","S08000028","","S12000013","S13002605"
"HS1 2PG",10,143411,933473,"S92000003","","S08000028","","S12000013","S13002605"
"HS1 2PH",10,143457,933303,"S92000003","","S08000028","","S12000013","S13002605"
"HS1 2PJ",10,143345,933197,"S92000003","","S08000028","","S12000013","S13002605"
"HS1 2PL",10,143381,933251,"S92000003","","S08000028","","S12000013","S13002605"
"HS1 2PN",10,142771,932857,"S92000003","","S08000028","","S12000013","S13002605"
"HS1 2PP",10,143370,933315,"S92000003","","S08000028","","S12000013","S13002605"
"HS1 2PQ",10,143535,933375,"S92000003","","S08000028","","S12000013","S13002605"
"HS1 2PR",10,143317,933316,"S92000003","","S08000028","","S12000013","S13002605"
"HS1 2PS",10,143232,933179,"S92000003","","S08000028","","S12000013","S13002605"
"HS1 2PT",10,143086,933090,"S92000003","","S08000028","","S12000013","S13002605"
"HS1 2PU",10,142806,932745,"S92000003","","S08000028","","S12000013","S13002605"
"HS1 2PY",10,143025,933095,"S92000003","","S08000028","","S12000013","S13002605"
"HS1 2PZ",10,142726,932929,"S92000003","","S08000028","","S12000013","S13002605"
"HS1 2QG",10,142533,932776,"S92000003","","S08000028","","S12000013","S13002605"
"HS1 2QH",10,142575,932792,"S92000003","","S08000028","","S12000013","S13002605"
"HS1 2QJ",10,142660,932811,"S92000003","","S08000028","","S12000013","S13002605"
"HS1 2QN",10,142622,932754,"S92000003","","S08000028","","S12000013","S13002605"
"HS1 2QP",10,141658,934150,"S92000003","","S08000028","","S12000013","S13002606"
"HS1 2QQ",10,142517,932740,"S92000003","","S08000028","","S12000013","S13002605"
"HS1 2QR",10,141868,934218,"S92000003","","S08000028","","S12000013","S13002606"
"HS1 2QS",10,142546,932728,"S92000003","","S08000028","","S12000013","S13002605"
"HS1 2QT",10,142679,932672,"S92000003","","S08000028","","S12000013","S13002605"
"HS1 2QY",10,142636,932612,"S92000003","","S08000028","","S12000013","S13002605"
"HS1 2QZ",10,142087,934087,"S92000003","","S08000028","","S12000013","S13002606"
"HS1 2RA",10,142792,932577,"S92000003","","S08000028","","S12000013","S13002605"
"HS1 2RB",10,142751,932542,"S92000003","","S08000028","","S12000013","S13002605"
"HS1 2RD",10,143007,932623,"S92000003","","S08000028","","S12000013","S13002605"
"HS1 2RE",10,142755,932459,"S92000003","","S08000028","","S12000013","S13002605"
"HS1 2RF",10,142976,932561,"S92000003","","S08000028","","S12000013","S13002605"
"HS1 2RL",10,143059,932430,"S92000003","","S08000028","","S12000013","S13002605"
"HS1 2RN",10,143088,932407,"S92000003","","S08000028","","S12000013","S13002605"
"HS1 2RP",10,143089,932382,"S92000003","","S08000028","","S12000013","S13002605"
"HS1 2RR",10,143183,932321,"S92000003","","S08000028","","S12000013","S13002605"
"HS1 2RS",10,142590,932139,"S92000003","","S08000028","","S12000013","S13002605"
"HS1 2RT",10,143148,932157,"S92000003","","S08000028","","S12000013","S13002605"
"HS1 2RW",10,142996,932378,"S92000003","","S08000028","","S12000013","S13002605"
"HS1 2RX",10,143386,932296,"S92000003","","S08000028","","S12000013","S13002605"
"HS1 2RY",10,143325,932201,"S92000003","","S08000028","","S12000013","S13002605"
"HS1 2RZ",10,143418,932199,"S92000003","","S08000028","","S12000013","S13002605"
"HS1 2SA",10,142881,932845,"S92000003","","S08000028","","S12000013","S13002605"
"HS1 2SD",10,143327,932393,"S92000003","","S08000028","","S12000013","S13002605"
"HS1 2SE",10,143220,932422,"S92000003","","S08000028","","S12000013","S13002605"
"HS1 2SF",10,143318,932453,"S92000003","","S08000028","","S12000013","S13002605"
"HS1 2SG",10,143821,933214,"S92000003","","S08000028","","S12000013","S13002605"
"HS1 2SH",10,143459,932631,"S92000003","","S08000028","","S12000013","S13002605"
"HS1 2SJ",10,143311,932542,"S92000003","","S08000028","","S12000013","S13002605"
"HS1 2SL",10,143366,932660,"S92000003","","S08000028","","S12000013","S13002605"
"HS1 2SQ",10,143404,932596,"S92000003","","S08000028","","S12000013","S13002605"
"HS1 2SS",10,143652,932674,"S92000003","","S08000028","","S12000013","S13002605"
"HS1 2ST",10,143729,932916,"S92000003","","S08000028","","S12000013","S13002605"
"HS1 2SU",10,143867,932707,"S92000003","","S08000028","","S12000013","S13002605"
"HS1 2SX",10,143867,932626,"S92000003","","S08000028","","S12000013","S13002605"
"HS1 2TA",10,142813,933228,"S92000003","","S08000028","","S12000013","S13002605"
"HS1 2TB",10,142895,933297,"S92000003","","S08000028","","S12000013","S13002605"
"HS1 2TD",10,142932,933402,"S92000003","","S08000028","","S12000013","S13002605"
"HS1 2TE",10,143036,933487,"S92000003","","S08000028","","S12000013","S13002605"
"HS1 2TF",10,142975,933390,"S92000003","","S08000028","","S12000013","S13002605"
"HS1 2TG",10,143049,933418,"S92000003","","S08000028","","S12000013","S13002605"
"HS1 2TJ",10,142564,934275,"S92000003","","S08000028","","S12000013","S13002606"
"HS1 2TL",10,143227,933619,"S92000003","","S08000028","","S12000013","S13002606"
"HS1 2TN",10,143191,933612,"S92000003","","S08000028","","S12000013","S13002606"
"HS1 2TP",10,142809,933901,"S92000003","","S08000028","","S12000013","S13002606"
"HS1 2TQ",10,143101,933538,"S92000003","","S08000028","","S12000013","S13002606"
"HS1 2TR",10,142642,933964,"S92000003","","S08000028","","S12000013","S13002606"
"HS1 2TS",10,142510,934104,"S92000003","","S08000028","","S12000013","S13002606"
"HS1 2TT",10,142509,934227,"S92000003","","S08000028","","S12000013","S13002606"
"HS1 2TU",10,142305,934180,"S92000003","","S08000028","","S12000013","S13002606"
"HS1 2TW",10,143084,933747,"S92000003","","S08000028","","S12000013","S13002606"
"HS1 2TX",10,142371,934228,"S92000003","","S08000028","","S12000013","S13002606"
"HS1 2TY",10,142017,934348,"S92000003","","S08000028","","S12000013","S13002606"
"HS1 2TZ",10,142094,934309,"S92000003","","S08000028","","S12000013","S13002606"
"HS1 2UA",10,142144,934276,"S92000003","","S08000028","","S12000013","S13002606"
"HS1 2UB",10,142217,934282,"S92000003","","S08000028","","S12000013","S13002606"
"HS1 2UD",10,143286,933607,"S92000003","","S08000028","","S12000013","S13002606"
"HS1 2UE",10,143239,933930,"S92000003","","S08000028","","S12000013","S13002606"
"HS1 2UF",10,142954,934065,"S92000003","","S08000028","","S12000013","S13002606"
"HS1 2UG",10,142777,933952,"S92000003","","S08000028","","S12000013","S13002606"
"HS1 2UH",10,142099,934394,"S92000003","","S08000028","","S12000013","S13002606"
"HS1 2UJ",10,142166,934422,"S92000003","","S08000028","","S12000013","S13002606"
"HS1 2UL",10,144000,933235,"S92000003","","S08000028","","S12000013","S13002605"
"HS1 2UN",10,144014,933172,"S92000003","","S08000028","","S12000013","S13002605"
"HS1 2UP",10,143981,933149,"S92000003","","S08000028","","S12000013","S13002605"
"HS1 2UQ",10,142554,934125,"S92000003","","S08000028","","S12000013","S13002606"
"HS1 2UR",10,144117,933152,"S92000003","","S08000028","","S12000013","S13002605"
"HS1 2UT",10,143932,933308,"S92000003","","S08000028","","S12000013","S13002605"
"HS1 2UU",10,144069,933294,"S92000003","","S08000028","","S12000013","S13002605"
"HS1 2UX",10,144231,933065,"S92000003","","S08000028","","S12000013","S13002605"
"HS1 2UY",10,142677,934055,"S92000003","","S08000028","","S12000013","S13002606"
"HS1 2UZ",10,143985,933307,"S92000003","","S08000028","","S12000013","S13002605"
"HS1 2XA",10,142169,932778,"S92000003","","S08000028","","S12000013","S13002605"
"HS1 2XB",10,142429,932832,"S92000003","","S08000028","","S12000013","S13002605"
"HS1 2XD",10,142375,932805,"S92000003","","S08000028","","S12000013","S13002605"
"HS1 2XE",10,142391,932823,"S92000003","","S08000028","","S12000013","S13002605"
"HS1 2XF",10,142268,932781,"S92000003","","S08000028","","S12000013","S13002605"
"HS1 2XG",10,142267,932798,"S92000003","","S08000028","","S12000013","S13002605"
"HS1 2XH",10,142806,932745,"S92000003","","S08000028","","S12000013","S13002605"
"HS1 2XJ",10,142226,932807,"S92000003","","S08000028","","S12000013","S13002605"
"HS1 2XN",10,142135,932809,"S92000003","","S08000028","","S12000013","S13002605"
"HS1 2XP",10,142148,932802,"S92000003","","S08000028","","S12000013","S13002605"
"HS1 2XQ",10,142290,932826,"S92000003","","S08000028","","S12000013","S13002605"
"HS1 2XS",10,142127,932753,"S92000003","","S08000028","","S12000013","S13002605"
"HS1 2XT",10,142102,932770,"S92000003","","S08000028","","S12000013","S13002605"
"HS1 2XX",10,142155,932745,"S92000003","","S08000028","","S12000013","S13002605"
"HS1 2XY",10,142166,932741,"S92000003","","S08000028","","S12000013","S13002605"
"HS1 2YA",10,142731,934304,"S92000003","","S08000028","","S12000013","S13002606"
"HS1 2YB",10,142684,934291,"S92000003","","S08000028","","S12000013","S13002606"
"HS1 2YD",10,142532,934442,"S92000003","","S08000028","","S12000013","S13002606"
"HS1 2YE",10,142445,934456,"S92000003","","S08000028","","S12000013","S13002606"
"HS1 2YF",10,142388,934440,"S92000003","","S08000028","","S12000013","S13002606"
"HS1 2YG",10,142434,934327,"S92000003","","S08000028","","S12000013","S13002606"
"HS1 2YH",10,142500,934340,"S92000003","","S08000028","","S12000013","S13002606"
"HS1 2YJ",10,142418,934349,"S92000003","","S08000028","","S12000013","S13002606"
"HS1 2YL",10,142327,934347,"S92000003","","S08000028","","S12000013","S13002606"
"HS1 2YN",10,142213,934375,"S92000003","","S08000028","","S12000013","S13002606"
"HS1 2YP",10,142307,934431,"S92000003","","S08000028","","S12000013","S13002606"
"HS1 2YR",10,142632,934392,"S92000003","","S08000028","","S12000013","S13002606"
"HS1 2YS",10,142605,934302,"S92000003","","S08000028","","S12000013","S13002606"
"HS1 2YT",10,142087,934153,"S92000003","","S08000028","","S12000013","S13002606"
"HS1 2YU",10,141998,934221,"S92000003","","S08000028","","S12000013","S13002606"
"HS1 2YW",10,142299,934382,"S92000003","","S08000028","","S12000013","S13002606"
"HS1 2ZB",10,142806,932745,"S92000003","","S08000028","","S12000013","S13002605"
"HS1 9AA",10,142806,932745,"S92000003","","S08000028","","S12000013","S13002605"
"HS1 9AD",10,142806,932745,"S92000003","","S08000028","","S12000013","S13002605"
"HS1 9AE",10,142806,932745,"S92000003","","S08000028","","S12000013","S13002605"
"HS1 9AH",10,142806,932745,"S92000003","","S08000028","","S12000013","S13002605"
"HS1 9AL",10,142806,932745,"S92000003","","S08000028","","S12000013","S13002605"
"HS1 9ZZ",50,142807,932745,"S92000003","","S08000028","","S12000013","S13002605"
"HS2 0AA",10,144668,933835,"S92000003","","S08000028","","S12000013","S13002605"
"HS2 0AB",10,145471,933183,"S92000003","","S08000028","","S12000013","S13002605"
"HS2 0AD",10,144415,932632,"S92000003","","S08000028","","S12000013","S13002605"
"HS2 0AE",10,144065,931974,"S92000003","","S08000028","","S12000013","S13002605"
"HS2 0AG",10,144437,932223,"S92000003","","S08000028","","S12000013","S13002605"
"HS2 0AH",10,144231,931185,"S92000003","","S08000028","","S12000013","S13002605"
"HS2 0AL",10,144764,932214,"S92000003","","S08000028","","S12000013","S13002605"
"HS2 0AN",10,144919,932008,"S92000003","","S08000028","","S12000013","S13002605"
"HS2 0AP",10,144439,931992,"S92000003","","S08000028","","S12000013","S13002605"
"HS2 0AQ",10,144231,931185,"S92000003","","S08000028","","S12000013","S13002605"
"HS2 0AR",10,145062,931979,"S92000003","","S08000028","","S12000013","S13002605"
"HS2 0AS",10,145181,931966,"S92000003","","S08000028","","S12000013","S13002605"
"HS2 0AT",10,145079,931900,"S92000003","","S08000028","","S12000013","S13002605"
"HS2 0AU",10,145121,931866,"S92000003","","S08000028","","S12000013","S13002605"
"HS2 0AW",10,145134,932259,"S92000003","","S08000028","","S12000013","S13002605"
"HS2 0AX",10,145042,931874,"S92000003","","S08000028","","S12000013","S13002605"
"HS2 0AY",10,145245,931857,"S92000003","","S08000028","","S12000013","S13002605"
"HS2 0AZ",10,145697,931468,"S92000003","","S08000028","","S12000013","S13002605"
"HS2 0BA",10,145106,932067,"S92000003","","S08000028","","S12000013","S13002605"
"HS2 0BB",10,146557,932684,"S92000003","","S08000028","","S12000013","S13002604"
"HS2 0BD",10,146311,932669,"S92000003","","S08000028","","S12000013","S13002604"
"HS2 0BE",10,146559,936907,"S92000003","","S08000028","","S12000013","S13002607"
"HS2 0BF",10,145114,932171,"S92000003","","S08000028","","S12000013","S13002605"
"HS2 0BG",10,146523,932777,"S92000003","","S08000028","","S12000013","S13002604"
"HS2 0BJ",10,152097,963092,"S92000003","","S08000028","","S12000013","S13002608"
"HS2 0BN",10,146266,933160,"S92000003","","S08000028","","S12000013","S13002604"
"HS2 0BP",10,149467,930786,"S92000003","","S08000028","","S12000013","S13002604"
"HS2 0BQ",10,146795,932130,"S92000003","","S08000028","","S12000013","S13002604"
"HS2 0BR",10,141090,933940,"S92000003","","S08000028","","S12000013","S13002606"
"HS2 0BS",10,149569,932043,"S92000003","","S08000028","","S12000013","S13002604"
"HS2 0BT",10,141008,934042,"S92000003","","S08000028","","S12000013","S13002606"
"HS2 0BW",10,149304,931684,"S92000003","","S08000028","","S12000013","S13002604"
"HS2 0DB",10,141239,934063,"S92000003","","S08000028","","S12000013","S13002606"
"HS2 0DD",10,141081,933785,"S92000003","","S08000028","","S12000013","S13002606"
"HS2 0DE",10,140659,933502,"S92000003","","S08000028","","S12000013","S13002606"
"HS2 0DF",10,140784,933940,"S92000003","","S08000028","","S12000013","S13002606"
"HS2 0DG",10,140765,934005,"S92000003","","S08000028","","S12000013","S13002606"
"HS2 0DH",10,140965,934300,"S92000003","","S08000028","","S12000013","S13002606"
"HS2 0DJ",10,140677,934258,"S92000003","","S08000028","","S12000013","S13002606"
"HS2 0DL",10,140759,934243,"S92000003","","S08000028","","S12000013","S13002606"
"HS2 0DN",10,141324,934691,"S92000003","","S08000028","","S12000013","S13002606"
"HS2 0DP",10,142053,934688,"S92000003","","S08000028","","S12000013","S13002606"
"HS2 0DR",10,142216,934914,"S92000003","","S08000028","","S12000013","S13002606"
"HS2 0DS",10,142517,934743,"S92000003","","S08000028","","S12000013","S13002606"
"HS2 0DT",10,142682,935254,"S92000003","","S08000028","","S12000013","S13002606"
"HS2 0DU",10,142851,935995,"S92000003","","S08000028","","S12000013","S13002606"
"HS2 0DW",10,141382,935161,"S92000003","","S08000028","","S12000013","S13002606"
"HS2 0DX",10,141183,934051,"S92000003","","S08000028","","S12000013","S13002606"
"HS2 0DY",10,142404,935398,"S92000003","","S08000028","","S12000013","S13002606"
"HS2 0DZ",10,141808,935609,"S92000003","","S08000028","","S12000013","S13002606"
"HS2 0EA",10,142171,936033,"S92000003","","S08000028","","S12000013","S13002606"
"HS2 0EB",10,142422,935860,"S92000003","","S08000028","","S12000013","S13002606"
"HS2 0ED",10,142396,936604,"S92000003","","S08000028","","S12000013","S13002606"
"HS2 0EE",10,141842,937326,"S92000003","","S08000028","","S12000013","S13002607"
"HS2 0EF",10,142009,937153,"S92000003","","S08000028","","S12000013","S13002607"
"HS2 0EG",10,142615,934537,"S92000003","","S08000028","","S12000013","S13002606"
"HS2 0EH",10,140999,934177,"S92000003","","S08000028","","S12000013","S13002606"
"HS2 0EJ",10,141990,937462,"S92000003","","S08000028","","S12000013","S13002607"
"HS2 0EL",10,140686,933397,"S92000003","","S08000028","","S12000013","S13002606"
"HS2 0EN",10,142110,937218,"S92000003","","S08000028","","S12000013","S13002606"
"HS2 0EP",10,155635,935699,"S92000003","","S08000028","","S12000013","S13002604"
"HS2 0EQ",10,141084,934075,"S92000003","","S08000028","","S12000013","S13002606"
"HS2 0ER",10,155639,935642,"S92000003","","S08000028","","S12000013","S13002604"
"HS2 0ES",10,155642,935611,"S92000003","","S08000028","","S12000013","S13002604"
"HS2 0EU",10,155972,935772,"S92000003","","S08000028","","S12000013","S13002604"
"HS2 0EW",10,155279,934129,"S92000003","","S08000028","","S12000013","S13002604"
"HS2 0EX",10,155764,935988,"S92000003","","S08000028","","S12000013","S13002604"
"HS2 0EY",10,155895,936275,"S92000003","","S08000028","","S12000013","S13002604"
"HS2 0EZ",10,156002,936627,"S92000003","","S08000028","","S12000013","S13002604"
"HS2 0FS",10,142736,934636,"S92000003","","S08000028","","S12000013","S13002606"
"HS2 0GS",10,142688,934556,"S92000003","","S08000028","","S12000013","S13002606"
"HS2 0GT",10,142611,935266,"S92000003","","S08000028","","S12000013","S13002606"
"HS2 0HA",10,156365,936598,"S92000003","","S08000028","","S12000013","S13002604"
"HS2 0HB",10,157295,937704,"S92000003","","S08000028","","S12000013","S13002604"
"HS2 0HD",10,155892,937418,"S92000003","","S08000028","","S12000013","S13002604"
"HS2 0HE",10,155363,936654,"S92000003","","S08000028","","S12000013","S13002604"
"HS2 0HF",10,146093,936735,"S92000003","","S08000028","","S12000013","S13002607"
"HS2 0HJ",10,145017,936810,"S92000003","","S08000028","","S12000013","S13002607"
"HS2 0HL",10,144749,936576,"S92000003","","S08000028","","S12000013","S13002607"
"HS2 0HP",10,144668,936702,"S92000003","","S08000028","","S12000013","S13002607"
"HS2 0HR",10,144512,936861,"S92000003","","S08000028","","S12000013","S13002607"
"HS2 0HS",10,145154,936624,"S92000003","","S08000028","","S12000013","S13002607"
"HS2 0HT",10,146071,936781,"S92000003","","S08000028","","S12000013","S13002607"
"HS2 0HU",10,145656,937000,"S92000003","","S08000028","","S12000013","S13002607"
"HS2 0HW",10,144595,936710,"S92000003","","S08000028","","S12000013","S13002607"
"HS2 0HX",10,145173,937011,"S92000003","","S08000028","","S12000013","S13002607"
"HS2 0HY",10,144806,936328,"S92000003","","S08000028","","S12000013","S13002607"
"HS2 0HZ",10,144662,936086,"S92000003","","S08000028","","S12000013","S13002607"
"HS2 0JA",10,144650,936198,"S92000003","","S08000028","","S12000013","S13002607"
"HS2 0JB",10,144612,936214,"S92000003","","S08000028","","S12000013","S13002607"
"HS2 0JD",10,144569,936839,"S92000003","","S08000028","","S12000013","S13002607"
"HS2 0JF",10,144483,936577,"S92000003","","S08000028","","S12000013","S13002607"
"HS2 0JG",10,144681,936935,"S92000003","","S08000028","","S12000013","S13002607"
"HS2 0JH",10,156903,936862,"S92000003","","S08000028","","S12000013","S13002604"
"HS2 0JN",10,147644,939862,"S92000003","","S08000028","","S12000013","S13002607"
"HS2 0JP",10,147445,939844,"S92000003","","S08000028","","S12000013","S13002607"
"HS2 0JR",10,147651,939588,"S92000003","","S08000028","","S12000013","S13002607"
"HS2 0JS",10,148265,939732,"S92000003","","S08000028","","S12000013","S13002607"
"HS2 0JT",10,148112,939737,"S92000003","","S08000028","","S12000013","S13002607"
"HS2 0JY",10,147842,939951,"S92000003","","S08000028","","S12000013","S13002607"
"HS2 0JZ",10,147630,940040,"S92000003","","S08000028","","S12000013","S13002607"
"HS2 0LA",10,147926,940084,"S92000003","","S08000028","","S12000013","S13002607"
"HS2 0LB",10,147972,940361,"S92000003","","S08000028","","S12000013","S13002607"
"HS2 0LD",10,147813,941037,"S92000003","","S08000028","","S12000013","S13002607"
"HS2 0LE",10,148330,940070,"S92000003","","S08000028","","S12000013","S13002607"
"HS2 0LF",10,147946,940648,"S92000003","","S08000028","","S12000013","S13002607"
"HS2 0LH",10,147810,941387,"S92000003","","S08000028","","S12000013","S13002607"
"HS2 0LJ",10,148602,940094,"S92000003","","S08000028","","S12000013","S13002607"
"HS2 0LN",10,148386,940094,"S92000003","","S08000028","","S12000013","S13002607"
"HS2 0LP",10,146754,940274,"S92000003","","S08000028","","S12000013","S13002607"
"HS2 0LQ",10,148478,940678,"S92000003","","S08000028","","S12000013","S13002607"
"HS2 0LR",10,146489,939935,"S92000003","","S08000028","","S12000013","S13002607"
"HS2 0LS",10,146003,939208,"S92000003","","S08000028","","S12000013","S13002607"
"HS2 0LT",10,145946,937982,"S92000003","","S08000028","","S12000013","S13002607"
"HS2 0LW",10,145754,937937,"S92000003","","S08000028","","S12000013","S13002607"
"HS2 0NA",10,149057,940577,"S92000003","","S08000028","","S12000013","S13002607"
"HS2 0NB",10,149298,942242,"S92000003","","S08000028","","S12000013","S13002607"
"HS2 0ND",10,152372,944660,"S92000003","","S08000028","","S12000013","S13002607"
"HS2 0NE",10,153518,947508,"S92000003","","S08000028","","S12000013","S13002607"
"HS2 0NF",10,153041,946519,"S92000003","","S08000028","","S12000013","S13002607"
"HS2 0NG",10,153322,946947,"S92000003","","S08000028","","S12000013","S13002607"
"HS2 0NH",10,153533,947460,"S92000003","","S08000028","","S12000013","S13002607"
"HS2 0NJ",10,153798,947075,"S92000003","","S08000028","","S12000013","S13002607"
"HS2 0NL",10,153644,947679,"S92000003","","S08000028","","S12000013","S13002607"
"HS2 0NN",10,153402,948343,"S92000003","","S08000028","","S12000013","S13002607"
"HS2 0NP",10,153884,946486,"S92000003","","S08000028","","S12000013","S13002607"
"HS2 0NQ",10,154190,946777,"S92000003","","S08000028","","S12000013","S13002607"
"HS2 0NR",10,154129,946776,"S92000003","","S08000028","","S12000013","S13002607"
"HS2 0NT",10,154452,946792,"S92000003","","S08000028","","S12000013","S13002607"
"HS2 0NW",10,153993,947131,"S92000003","","S08000028","","S12000013","S13002607"
"HS2 0PA",10,148410,932018,"S92000003","","S08000028","","S12000013","S13002604"
"HS2 0PB",10,148882,932345,"S92000003","","S08000028","","S12000013","S13002604"
"HS2 0PD",10,149881,932306,"S92000003","","S08000028","","S12000013","S13002604"
"HS2 0PE",10,150208,932395,"S92000003","","S08000028","","S12000013","S13002604"
"HS2 0PF",10,150379,932447,"S92000003","","S08000028","","S12000013","S13002604"
"HS2 0PH",10,150606,932605,"S92000003","","S08000028","","S12000013","S13002604"
"HS2 0PJ",10,150659,932933,"S92000003","","S08000028","","S12000013","S13002604"
"HS2 0PL",10,151399,933156,"S92000003","","S08000028","","S12000013","S13002604"
"HS2 0PN",10,150777,933332,"S92000003","","S08000028","","S12000013","S13002604"
"HS2 0PP",10,153145,934725,"S92000003","","S08000028","","S12000013","S13002604"
"HS2 0PQ",10,150553,932452,"S92000003","","S08000028","","S12000013","S13002604"
"HS2 0PR",10,150931,933123,"S92000003","","S08000028","","S12000013","S13002604"
"HS2 0PS",10,152074,933572,"S92000003","","S08000028","","S12000013","S13002604"
"HS2 0PT",10,153580,934973,"S92000003","","S08000028","","S12000013","S13002604"
"HS2 0PU",10,153539,935070,"S92000003","","S08000028","","S12000013","S13002604"
"HS2 0PW",10,151821,933528,"S92000003","","S08000028","","S12000013","S13002604"
"HS2 0PX",10,151532,932892,"S92000003","","S08000028","","S12000013","S13002604"
"HS2 0PY",10,151984,933429,"S92000003","","S08000028","","S12000013","S13002604"
"HS2 0PZ",10,153190,934653,"S92000003","","S08000028","","S12000013","S13002604"
"HS2 0QA",10,152189,931618,"S92000003","","S08000028","","S12000013","S13002604"
"HS2 0QB",10,151827,931148,"S92000003","","S08000028","","S12000013","S13002604"
"HS2 0QD",10,152240,930615,"S92000003","","S08000028","","S12000013","S13002604"
"HS2 0QE",10,151956,930676,"S92000003","","S08000028","","S12000013","S13002604"
"HS2 0QF",10,151688,931466,"S92000003","","S08000028","","S12000013","S13002604"
"HS2 0QG",10,152528,932179,"S92000003","","S08000028","","S12000013","S13002604"
"HS2 0QH",10,153287,931833,"S92000003","","S08000028","","S12000013","S13002604"
"HS2 0QN",10,135363,948910,"S92000003","","S08000028","","S12000013","S13002608"
"HS2 0QQ",10,152602,932211,"S92000003","","S08000028","","S12000013","S13002604"
"HS2 0QR",10,135183,949928,"S92000003","","S08000028","","S12000013","S13002608"
"HS2 0QS",10,135525,949450,"S92000003","","S08000028","","S12000013","S13002608"
"HS2 0QW",10,133848,949743,"S92000003","","S08000028","","S12000013","S13002608"
"HS2 0QX",10,136512,950842,"S92000003","","S08000028","","S12000013","S13002608"
"HS2 0QY",10,136103,949849,"S92000003","","S08000028","","S12000013","S13002608"
"HS2 0QZ",10,136052,949050,"S92000003","","S08000028","","S12000013","S13002608"
"HS2 0RA",10,135816,948796,"S92000003","","S08000028","","S12000013","S13002608"
"HS2 0RB",10,136055,948603,"S92000003","","S08000028","","S12000013","S13002608"
"HS2 0RG",10,138020,953613,"S92000003","","S08000028","","S12000013","S13002608"
"HS2 0RH",10,139041,954796,"S92000003","","S08000028","","S12000013","S13002608"
"HS2 0RJ",10,139345,954863,"S92000003","","S08000028","","S12000013","S13002608"
"HS2 0RL",10,139534,954758,"S92000003","","S08000028","","S12000013","S13002608"
"HS2 0RQ",10,138540,954251,"S92000003","","S08000028","","S12000013","S13002608"
"HS2 0RR",10,141523,957224,"S92000003","","S08000028","","S12000013","S13002608"
"HS2 0RS",10,141461,956549,"S92000003","","S08000028","","S12000013","S13002608"
"HS2 0RT",10,140928,955826,"S92000003","","S08000028","","S12000013","S13002608"
"HS2 0RU",10,141133,955981,"S92000003","","S08000028","","S12000013","S13002608"
"HS2 0RX",10,140753,955995,"S92000003","","S08000028","","S12000013","S13002608"
"HS2 0RY",10,148003,941296,"S92000003","","S08000028","","S12000013","S13002607"
"HS2 0RZ",10,139867,955710,"S92000003","","S08000028","","S12000013","S13002608"
"HS2 0SD",10,141475,937362,"S92000003","","S08000028","","S12000013","S13002607"
"HS2 0SG",10,143212,957911,"S92000003","","S08000028","","S12000013","S13002608"
"HS2 0SH",10,143762,958720,"S92000003","","S08000028","","S12000013","S13002608"
"HS2 0SJ",10,144588,958952,"S92000003","","S08000028","","S12000013","S13002608"
"HS2 0SN",10,150331,961863,"S92000003","","S08000028","","S12000013","S13002608"
"HS2 0SP",10,148607,961397,"S92000003","","S08000028","","S12000013","S13002608"
"HS2 0SR",10,147742,961961,"S92000003","","S08000028","","S12000013","S13002608"
"HS2 0ST",10,148427,961310,"S92000003","","S08000028","","S12000013","S13002608"
"HS2 0SU",10,150192,961489,"S92000003","","S08000028","","S12000013","S13002608"
"HS2 0SW",10,149799,961452,"S92000003","","S08000028","","S12000013","S13002608"
"HS2 0SY",10,150512,961896,"S92000003","","S08000028","","S12000013","S13002608"
"HS2 0SZ",10,150695,962146,"S92000003","","S08000028","","S12000013","S13002608"
"HS2 0TA",10,151263,962635,"S92000003","","S08000028","","S12000013","S13002608"
"HS2 0TB",10,151379,962115,"S92000003","","S08000028","","S12000013","S13002608"
"HS2 0TD",10,151076,961964,"S92000003","","S08000028","","S12000013","S13002608"
"HS2 0TG",10,152037,963046,"S92000003","","S08000028","","S12000013","S13002608"
"HS2 0TH",10,152950,962329,"S92000003","","S08000028","","S12000013","S13002608"
"HS2 0TJ",10,152958,963016,"S92000003","","S08000028","","S12000013","S13002608"
"HS2 0TL",10,153033,962960,"S92000003","","S08000028","","S12000013","S13002608"
"HS2 0TN",10,152936,963065,"S92000003","","S08000028","","S12000013","S13002608"
"HS2 0TQ",10,152215,962312,"S92000003","","S08000028","","S12000013","S13002608"
"HS2 0TR",10,153603,962634,"S92000003","","S08000028","","S12000013","S13002608"
"HS2 0TS",10,154167,961573,"S92000003","","S08000028","","S12000013","S13002608"
"HS2 0TW",10,153515,962698,"S92000003","","S08000028","","S12000013","S13002608"
"HS2 0TX",10,154716,961871,"S92000003","","S08000028","","S12000013","S13002608"
"HS2 0XA",10,153562,963780,"S92000003","","S08000028","","S12000013","S13002608"
"HS2 0XB",10,152783,963434,"S92000003","","S08000028","","S12000013","S13002608"
"HS2 0XD",10,152404,963972,"S92000003","","S08000028","","S12000013","S13002608"
"HS2 0XF",10,153075,964475,"S92000003","","S08000028","","S12000013","S13002608"
"HS2 0XG",10,152369,964796,"S92000003","","S08000028","","S12000013","S13002608"
"HS2 0XH",10,151696,965020,"S92000003","","S08000028","","S12000013","S13002608"
"HS2 0XJ",10,153175,963134,"S92000003","","S08000028","","S12000013","S13002608"
"HS2 0XP",10,142329,933580,"S92000003","","S08000028","","S12000013","S13002606"
"HS2 0XR",10,141870,933400,"S92000003","","S08000028","","S12000013","S13002606"
"HS2 0XS",10,141480,933607,"S92000003","","S08000028","","S12000013","S13002606"
"HS2 9AA",10,119635,940604,"S92000003","","S08000028","","S12000013","S13002603"
"HS2 9AD",10,121999,944446,"S92000003","","S08000028","","S12000013","S13002603"
"HS2 9AE",10,123021,945562,"S92000003","","S08000028","","S12000013","S13002608"
"HS2 9AG",10,120742,943018,"S92000003","","S08000028","","S12000013","S13002603"
"HS2 9AH",10,121050,942648,"S92000003","","S08000028","","S12000013","S13002603"
"HS2 9AJ",10,119982,943722,"S92000003","","S08000028","","S12000013","S13002603"
"HS2 9AL",10,119781,944001,"S92000003","","S08000028","","S12000013","S13002603"
"HS2 9AN",10,120038,943752,"S92000003","","S08000028","","S12000013","S13002603"
"HS2 9AP",10,119147,942551,"S92000003","","S08000028","","S12000013","S13002603"
"HS2 9AQ",10,121712,942821,"S92000003","","S08000028","","S12000013","S13002603"
"HS2 9AU",10,120746,942269,"S92000003","","S08000028","","S12000013","S13002603"
"HS2 9AW",10,119906,942664,"S92000003","","S08000028","","S12000013","S13002603"
"HS2 9AX",10,121230,941731,"S92000003","","S08000028","","S12000013","S13002603"
"HS2 9AY",10,119629,941815,"S92000003","","S08000028","","S12000013","S13002603"
"HS2 9AZ",10,119024,941144,"S92000003","","S08000028","","S12000013","S13002603"
"HS2 9BD",10,126837,947528,"S92000003","","S08000028","","S12000013","S13002608"
"HS2 9BE",10,126644,947076,"S92000003","","S08000028","","S12000013","S13002608"
"HS2 9BG",10,126344,946250,"S92000003","","S08000028","","S12000013","S13002608"
"HS2 9BJ",10,124997,946803,"S92000003","","S08000028","","S12000013","S13002608"
"HS2 9BL",10,125332,945800,"S92000003","","S08000028","","S12000013","S13002608"
"HS2 9BP",10,126863,948551,"S92000003","","S08000028","","S12000013","S13002608"
"HS2 9BQ",10,126001,947163,"S92000003","","S08000028","","S12000013","S13002608"
"HS2 9BW",10,126779,947802,"S92000003","","S08000028","","S12000013","S13002608"
"HS2 9DA",10,129593,947875,"S92000003","","S08000028","","S12000013","S13002608"
"HS2 9DB",10,131171,948506,"S92000003","","S08000028","","S12000013","S13002608"
"HS2 9DD",10,128731,947734,"S92000003","","S08000028","","S12000013","S13002608"
"HS2 9DE",10,128758,947588,"S92000003","","S08000028","","S12000013","S13002608"
"HS2 9DF",10,128822,947679,"S92000003","","S08000028","","S12000013","S13002608"
"HS2 9DG",10,128802,947640,"S92000003","","S08000028","","S12000013","S13002608"
"HS2 9DH",10,127717,948609,"S92000003","","S08000028","","S12000013","S13002608"
"HS2 9DJ",10,131214,948833,"S92000003","","S08000028","","S12000013","S13002608"
"HS2 9DQ",10,128706,947497,"S92000003","","S08000028","","S12000013","S13002608"
"HS2 9DR",10,120948,931981,"S92000003","","S08000028","","S12000013","S13002603"
"HS2 9DS",10,123500,931967,"S92000003","","S08000028","","S12000013","S13002603"
"HS2 9DT",10,129145,929838,"S92000003","","S08000028","","S12000013","S13002603"
"HS2 9DU",10,131344,929228,"S92000003","","S08000028","","S12000013","S13002603"
"HS2 9DW",10,119522,938145,"S92000003","","S08000028","","S12000013","S13002603"
"HS2 9DX",10,121857,933578,"S92000003","","S08000028","","S12000013","S13002603"
"HS2 9DY",10,121809,933254,"S92000003","","S08000028","","S12000013","S13002603"
"HS2 9DZ",10,121815,934372,"S92000003","","S08000028","","S12000013","S13002603"
"HS2 9EA",10,121552,934970,"S92000003","","S08000028","","S12000013","S13002603"
"HS2 9ED",10,121821,935427,"S92000003","","S08000028","","S12000013","S13002603"
"HS2 9EF",10,121326,935617,"S92000003","","S08000028","","S12000013","S13002603"
"HS2 9EJ",10,121677,930201,"S92000003","","S08000028","","S12000013","S13002603"
"HS2 9EL",10,113491,927182,"S92000003","","S08000028","","S12000013","S13002603"
"HS2 9EN",10,113760,923994,"S92000003","","S08000028","","S12000013","S13002603"
"HS2 9EP",10,111247,930418,"S92000003","","S08000028","","S12000013","S13002603"
"HS2 9ER",10,110034,932933,"S92000003","","S08000028","","S12000013","S13002603"
"HS2 9ET",10,105695,933417,"S92000003","","S08000028","","S12000013","S13002603"
"HS2 9EU",10,104348,932113,"S92000003","","S08000028","","S12000013","S13002603"
"HS2 9EW",10,112896,925712,"S92000003","","S08000028","","S12000013","S13002603"
"HS2 9EX",10,103307,931968,"S92000003","","S08000028","","S12000013","S13002603"
"HS2 9EY",10,100984,931439,"S92000003","","S08000028","","S12000013","S13002603"
"HS2 9HA",10,99292,927556,"S92000003","","S08000028","","S12000013","S13002603"
"HS2 9HB",10,99208,925845,"S92000003","","S08000028","","S12000013","S13002603"
"HS2 9HE",10,109052,934329,"S92000003","","S08000028","","S12000013","S13002603"
"HS2 9HH",10,112209,928316,"S92000003","","S08000028","","S12000013","S13002603"
"HS2 9HJ",10,112502,929770,"S92000003","","S08000028","","S12000013","S13002603"
"HS2 9HL",10,111782,931628,"S92000003","","S08000028","","S12000013","S13002603"
"HS2 9HP",10,108235,935969,"S92000003","","S08000028","","S12000013","S13002603"
"HS2 9HR",10,109239,936824,"S92000003","","S08000028","","S12000013","S13002603"
"HS2 9HS",10,109635,936552,"S92000003","","S08000028","","S12000013","S13002603"
"HS2 9HU",10,110817,934555,"S92000003","","S08000028","","S12000013","S13002603"
"HS2 9HW",10,108659,934873,"S92000003","","S08000028","","S12000013","S13002603"
"HS2 9HX",10,109515,934472,"S92000003","","S08000028","","S12000013","S13002603"
"HS2 9JA",10,104919,937996,"S92000003","","S08000028","","S12000013","S13002603"
"HS2 9JB",10,139723,931311,"S92000003","","S08000028","","S12000013","S13002603"
"HS2 9JD",10,105437,934058,"S92000003","","S08000028","","S12000013","S13002603"
"HS2 9JE",10,105571,934409,"S92000003","","S08000028","","S12000013","S13002603"
"HS2 9JF",10,104047,933717,"S92000003","","S08000028","","S12000013","S13002603"
"HS2 9JG",10,105744,934476,"S92000003","","S08000028","","S12000013","S13002603"
"HS2 9JH",10,113660,922440,"S92000003","","S08000028","","S12000013","S13002603"
"HS2 9JJ",10,105457,934356,"S92000003","","S08000028","","S12000013","S13002603"
"HS2 9JL",10,119602,911869,"S92000003","","S08000028","","S12000013","S13002602"
"HS2 9JN",10,140158,932195,"S92000003","","S08000028","","S12000013","S13002603"
"HS2 9JP",10,135193,926952,"S92000003","","S08000028","","S12000013","S13002603"
"HS2 9JR",10,134847,924704,"S92000003","","S08000028","","S12000013","S13002603"
"HS2 9JT",10,135492,921589,"S92000003","","S08000028","","S12000013","S13002603"
"HS2 9JW",10,138345,930500,"S92000003","","S08000028","","S12000013","S13002603"
"HS2 9JX",10,136240,921855,"S92000003","","S08000028","","S12000013","S13002603"
"HS2 9JY",10,142939,930631,"S92000003","","S08000028","","S12000013","S13002603"
"HS2 9LA",10,132054,921997,"S92000003","","S08000028","","S12000013","S13002603"
"HS2 9LE",10,124459,917340,"S92000003","","S08000028","","S12000013","S13002603"
"HS2 9LG",10,128167,916673,"S92000003","","S08000028","","S12000013","S13002602"
"HS2 9LN",10,118468,932790,"S92000003","","S08000028","","S12000013","S13002603"
"HS2 9LP",10,116365,933894,"S92000003","","S08000028","","S12000013","S13002603"
"HS2 9LQ",10,132633,911959,"S92000003","","S08000028","","S12000013","S13002602"
"HS2 9LS",10,116738,934534,"S92000003","","S08000028","","S12000013","S13002603"
"HS2 9LT",10,116023,936741,"S92000003","","S08000028","","S12000013","S13002603"
"HS2 9LU",10,116088,936318,"S92000003","","S08000028","","S12000013","S13002603"
"HS2 9LW",10,117520,933504,"S92000003","","S08000028","","S12000013","S13002603"
"HS2 9LX",10,118796,934740,"S92000003","","S08000028","","S12000013","S13002603"
"HS2 9LY",10,118304,934282,"S92000003","","S08000028","","S12000013","S13002603"
"HS2 9LZ",10,115231,939827,"S92000003","","S08000028","","S12000013","S13002603"
"HS2 9NA",10,114114,938499,"S92000003","","S08000028","","S12000013","S13002603"
"HS2 9NB",10,114804,936583,"S92000003","","S08000028","","S12000013","S13002603"
"HS2 9ND",10,115177,934744,"S92000003","","S08000028","","S12000013","S13002603"
"HS2 9NF",10,136972,929032,"S92000003","","S08000028","","S12000013","S13002603"
"HS2 9NG",10,137902,925778,"S92000003","","S08000028","","S12000013","S13002603"
"HS2 9NH",10,140138,926179,"S92000003","","S08000028","","S12000013","S13002603"
"HS2 9NJ",10,139304,927444,"S92000003","","S08000028","","S12000013","S13002603"
"HS2 9NL",10,139190,925313,"S92000003","","S08000028","","S12000013","S13002603"
"HS2 9NN",10,140474,924891,"S92000003","","S08000028","","S12000013","S13002603"
"HS2 9NP",10,139379,924598,"S92000003","","S08000028","","S12000013","S13002603"
"HS2 9NR",10,136898,925966,"S92000003","","S08000028","","S12000013","S13002603"
"HS2 9NS",10,137834,925757,"S92000003","","S08000028","","S12000013","S13002603"
"HS2 9NT",10,137849,925965,"S92000003","","S08000028","","S12000013","S13002603"
"HS2 9NU",10,137316,925861,"S92000003","","S08000028","","S12000013","S13002603"
"HS2 9NW",10,139434,925254,"S92000003","","S08000028","","S12000013","S13002603"
"HS2 9NX",10,135952,926025,"S92000003","","S08000028","","S12000013","S13002603"
"HS2 9NY",10,135453,926560,"S92000003","","S08000028","","S12000013","S13002603"
"HS2 9PA",10,135297,926807,"S92000003","","S08000028","","S12000013","S13002603"
"HS2 9PB",10,135393,927344,"S92000003","","S08000028","","S12000013","S13002603"
"HS2 9PE",10,135541,927459,"S92000003","","S08000028","","S12000013","S13002603"
"HS2 9PJ",10,133045,921704,"S92000003","","S08000028","","S12000013","S13002603"
"HS2 9PN",10,129438,920795,"S92000003","","S08000028","","S12000013","S13002603"
"HS2 9PP",10,128557,920790,"S92000003","","S08000028","","S12000013","S13002603"
"HS2 9PR",10,128671,920802,"S92000003","","S08000028","","S12000013","S13002603"
"HS2 9PS",10,128565,920680,"S92000003","","S08000028","","S12000013","S13002603"
"HS2 9PT",10,127909,920520,"S92000003","","S08000028","","S12000013","S13002603"
"HS2 9PW",10,130196,921244,"S92000003","","S08000028","","S12000013","S13002603"
"HS2 9PX",10,126853,920270,"S92000003","","S08000028","","S12000013","S13002603"
"HS2 9QA",10,133859,920016,"S92000003","","S08000028","","S12000013","S13002602"
"HS2 9QB",10,132486,919676,"S92000003","","S08000028","","S12000013","S13002602"
"HS2 9QD",10,136138,920017,"S92000003","","S08000028","","S12000013","S13002602"
"HS2 9QE",10,136612,919961,"S92000003","","S08000028","","S12000013","S13002602"
"HS2 9QH",10,139930,921141,"S92000003","","S08000028","","S12000013","S13002602"
"HS2 9QJ",10,139320,920285,"S92000003","","S08000028","","S12000013","S13002602"
"HS2 9QL",10,138841,919882,"S92000003","","S08000028","","S12000013","S13002602"
"HS2 9QP",10,141258,918921,"S92000003","","S08000028","","S12000013","S13002602"
"HS2 9QR",10,141365,917309,"S92000003","","S08000028","","S12000013","S13002602"
"HS2 9QU",10,137836,915951,"S92000003","","S08000028","","S12000013","S13002602"
"HS2 9QX",10,138755,915205,"S92000003","","S08000028","","S12000013","S13002602"
"HS2 9QY",10,136832,915804,"S92000003","","S08000028","","S12000013","S13002602"
"HS2 9QZ",10,137742,915942,"S92000003","","S08000028","","S12000013","S13002602"
"HS2 9RA",10,128174,919464,"S92000003","","S08000028","","S12000013","S13002602"
"HS2 9RD",10,138028,911722,"S92000003","","S08000028","","S12000013","S13002602"
"HS2 9RE",10,137831,912139,"S92000003","","S08000028","","S12000013","S13002602"
"HS2 9RF",10,137741,912136,"S92000003","","S08000028","","S12000013","S13002602"
"HS2 9RG",10,136534,912004,"S92000003","","S08000028","","S12000013","S13002602"
"HS2 9WZ",10,136303,949832,"S92000003","","S08000028","","S12000013","S13002608"
"HS2 9YB",10,136303,949832,"S92000003","","S08000028","","S12000013","S13002608"
"HS3 3AA",10,119167,910250,"S92000003","","S08000028","","S12000013","S13002602"
"HS3 3AB",10,119144,911313,"S92000003","","S08000028","","S12000013","S13002602"
"HS3 3AD",10,119307,911823,"S92000003","","S08000028","","S12000013","S13002602"
"HS3 3AE",50,119307,911823,"S92000003","","S08000028","","S12000013","S13002602"
"HS3 3AG",10,120064,906006,"S92000003","","S08000028","","S12000013","S13002602"
"HS3 3AH",10,113766,901242,"S92000003","","S08000028","","S12000013","S13002602"
"HS3 3AJ",10,112999,902711,"S92000003","","S08000028","","S12000013","S13002602"
"HS3 3AL",10,113106,904180,"S92000003","","S08000028","","S12000013","S13002602"
"HS3 3AP",10,113786,903503,"S92000003","","S08000028","","S12000013","S13002602"
"HS3 3AQ",10,120240,905481,"S92000003","","S08000028","","S12000013","S13002602"
"HS3 3AR",10,107328,906609,"S92000003","","S08000028","","S12000013","S13002602"
"HS3 3AS",10,104699,908003,"S92000003","","S08000028","","S12000013","S13002602"
"HS3 3AT",10,101061,909249,"S92000003","","S08000028","","S12000013","S13002602"
"HS3 3AU",10,107279,906706,"S92000003","","S08000028","","S12000013","S13002602"
"HS3 3AW",10,109512,905795,"S92000003","","S08000028","","S12000013","S13002602"
"HS3 3AX",10,99816,911312,"S92000003","","S08000028","","S12000013","S13002602"
"HS3 3AY",10,98971,912016,"S92000003","","S08000028","","S12000013","S13002602"
"HS3 3BD",10,122842,901886,"S92000003","","S08000028","","S12000013","S13002602"
"HS3 3BG",10,114915,900415,"S92000003","","S08000028","","S12000013","S13002602"
"HS3 3BH",10,115041,900304,"S92000003","","S08000028","","S12000013","S13002602"
"HS3 3BJ",10,114811,900537,"S92000003","","S08000028","","S12000013","S13002602"
"HS3 3BL",10,116416,900013,"S92000003","","S08000028","","S12000013","S13002602"
"HS3 3BP",10,119705,898481,"S92000003","","S08000028","","S12000013","S13002602"
"HS3 3BQ",10,114899,900215,"S92000003","","S08000028","","S12000013","S13002602"
"HS3 3BS",10,121381,898040,"S92000003","","S08000028","","S12000013","S13002602"
"HS3 3BW",10,117423,899968,"S92000003","","S08000028","","S12000013","S13002602"
"HS3 3DA",10,116233,900010,"S92000003","","S08000028","","S12000013","S13002602"
"HS3 3DB",10,115916,899959,"S92000003","","S08000028","","S12000013","S13002602"
"HS3 3DD",10,115912,900064,"S92000003","","S08000028","","S12000013","S13002602"
"HS3 3DE",10,116018,900086,"S92000003","","S08000028","","S12000013","S13002602"
"HS3 3DF",10,115835,899874,"S92000003","","S08000028","","S12000013","S13002602"
"HS3 3DG",10,115782,899913,"S92000003","","S08000028","","S12000013","S13002602"
"HS3 3DH",10,115819,900090,"S92000003","","S08000028","","S12000013","S13002602"
"HS3 3DJ",10,115542,899985,"S92000003","","S08000028","","S12000013","S13002602"
"HS3 3DL",10,115551,900146,"S92000003","","S08000028","","S12000013","S13002602"
"HS3 3DN",10,115515,899558,"S92000003","","S08000028","","S12000013","S13002602"
"HS3 3DP",10,115982,899100,"S92000003","","S08000028","","S12000013","S13002602"
"HS3 3DR",10,114732,897982,"S92000003","","S08000028","","S12000013","S13002602"
"HS3 3DW",10,117256,894729,"S92000003","","S08000028","","S12000013","S13002602"
"HS3 3DX",10,117308,894714,"S92000003","","S08000028","","S12000013","S13002602"
"HS3 3DY",10,115667,896397,"S92000003","","S08000028","","S12000013","S13002602"
"HS3 3DZ",10,115145,896581,"S92000003","","S08000028","","S12000013","S13002602"
"HS3 3EB",10,117840,893533,"S92000003","","S08000028","","S12000013","S13002602"
"HS3 3ED",10,117353,892421,"S92000003","","S08000028","","S12000013","S13002602"
"HS3 3EF",10,115288,892892,"S92000003","","S08000028","","S12000013","S13002602"
"HS3 3EH",10,112917,892388,"S92000003","","S08000028","","S12000013","S13002602"
"HS3 3EJ",10,112058,892698,"S92000003","","S08000028","","S12000013","S13002602"
"HS3 3EL",10,111984,892437,"S92000003","","S08000028","","S12000013","S13002602"
"HS3 3EN",10,113518,891012,"S92000003","","S08000028","","S12000013","S13002602"
"HS3 3EP",10,114817,890736,"S92000003","","S08000028","","S12000013","S13002602"
"HS3 3ER",10,115445,891352,"S92000003","","S08000028","","S12000013","S13002602"
"HS3 3EX",10,111205,890071,"S92000003","","S08000028","","S12000013","S13002602"
"HS3 3EY",10,110965,889524,"S92000003","","S08000028","","S12000013","S13002602"
"HS3 3EZ",10,110531,889341,"S92000003","","S08000028","","S12000013","S13002602"
"HS3 3HA",10,109945,889082,"S92000003","","S08000028","","S12000013","S13002602"
"HS3 3HB",10,111504,890908,"S92000003","","S08000028","","S12000013","S13002602"
"HS3 3HG",10,115235,899080,"S92000003","","S08000028","","S12000013","S13002602"
"HS3 3HJ",10,114079,896339,"S92000003","","S08000028","","S12000013","S13002602"
"HS3 3HL",10,107053,899090,"S92000003","","S08000028","","S12000013","S13002602"
"HS3 3HN",10,110742,896198,"S92000003","","S08000028","","S12000013","S13002602"
"HS3 3HP",10,107120,897158,"S92000003","","S08000028","","S12000013","S13002602"
"HS3 3HQ",10,114823,898473,"S92000003","","S08000028","","S12000013","S13002602"
"HS3 3HR",10,104845,896250,"S92000003","","S08000028","","S12000013","S13002602"
"HS3 3HT",10,103331,894665,"S92000003","","S08000028","","S12000013","S13002602"
"HS3 3HX",10,101302,893586,"S92000003","","S08000028","","S12000013","S13002602"
"HS3 3JA",10,99130,889833,"S92000003","","S08000028","","S12000013","S13002602"
"HS3 3JD",10,107530,887019,"S92000003","","S08000028","","S12000013","S13002602"
"HS3 3JE",10,106452,885221,"S92000003","","S08000028","","S12000013","S13002602"
"HS3 3JF",10,108003,886057,"S92000003","","S08000028","","S12000013","S13002602"
"HS3 3JG",10,107919,887006,"S92000003","","S08000028","","S12000013","S13002602"
"HS3 3JH",10,107866,887053,"S92000003","","S08000028","","S12000013","S13002602"
"HS3 3JQ",10,108629,887480,"S92000003","","S08000028","","S12000013","S13002602"
"HS4 3XU",10,121491,896644,"S92000003","","S08000028","","S12000013","S13002602"
"HS4 3XX",10,121526,896774,"S92000003","","S08000028","","S12000013","S13002602"
"HS4 3XY",10,121987,896802,"S92000003","","S08000028","","S12000013","S13002602"
"HS4 3XZ",10,121630,897167,"S92000003","","S08000028","","S12000013","S13002602"
"HS4 3YA",10,121339,896562,"S92000003","","S08000028","","S12000013","S13002602"
"HS4 3YB",10,121277,896188,"S92000003","","S08000028","","S12000013","S13002602"
"HS4 3YD",10,121232,896850,"S92000003","","S08000028","","S12000013","S13002602"
"HS4 3YF",10,121869,896116,"S92000003","","S08000028","","S12000013","S13002602"
"HS4 3YG",10,122513,895262,"S92000003","","S08000028","","S12000013","S13002602"
"HS5 3TL",10,102261,886608,"S92000003","","S08000028","","S12000013","S13002602"
"HS5 3TN",10,102570,886211,"S92000003","","S08000028","","S12000013","S13002602"
"HS5 3TS",10,101953,886795,"S92000003","","S08000028","","S12000013","S13002602"
"HS5 3TT",10,101613,886890,"S92000003","","S08000028","","S12000013","S13002602"
"HS5 3TU",10,101531,887098,"S92000003","","S08000028","","S12000013","S13002602"
"HS5 3TW",10,104528,883910,"S92000003","","S08000028","","S12000013","S13002602"
"HS5 3TX",10,101293,887256,"S92000003","","S08000028","","S12000013","S13002602"
"HS5 3TY",10,100679,887725,"S92000003","","S08000028","","S12000013","S13002602"
"HS5 3UA",10,101858,886386,"S92000003","","S08000028","","S12000013","S13002602"
"HS5 3UB",10,101603,886201,"S92000003","","S08000028","","S12000013","S13002602"
"HS5 3UD",10,102647,884549,"S92000003","","S08000028","","S12000013","S13002602"
"HS5 3UE",10,103553,883607,"S92000003","","S08000028","","S12000013","S13002602"
"HS5 3UF",10,101289,886412,"S92000003","","S08000028","","S12000013","S13002602"
"HS6 5AA",10,91651,868553,"S92000003","","S08000028","","S12000013","S13002601"
"HS6 5AB",10,91719,868481,"S92000003","","S08000028","","S12000013","S13002601"
"HS6 5AD",10,91735,868389,"S92000003","","S08000028","","S12000013","S13002601"
"HS6 5AE",10,91703,868896,"S92000003","","S08000028","","S12000013","S13002601"
"HS6 5AF",10,92089,869752,"S92000003","","S08000028","","S12000013","S13002601"
"HS6 5AG",10,90804,869090,"S92000003","","S08000028","","S12000013","S13002601"
"HS6 5AH",10,90422,868277,"S92000003","","S08000028","","S12000013","S13002601"
"HS6 5AJ",10,85586,881454,"S92000003","","S08000028","","S12000013","S13002601"
"HS6 5AL",10,77502,866163,"S92000003","","S08000028","","S12000013","S13002601"
"HS6 5AP",10,89747,870783,"S92000003","","S08000028","","S12000013","S13002601"
"HS6 5AR",10,89738,871333,"S92000003","","S08000028","","S12000013","S13002601"
"HS6 5AS",10,93550,871567,"S92000003","","S08000028","","S12000013","S13002601"
"HS6 5AT",10,96181,873315,"S92000003","","S08000028","","S12000013","S13002601"
"HS6 5AW",10,90358,869972,"S92000003","","S08000028","","S12000013","S13002601"
"HS6 5AX",10,95573,874393,"S92000003","","S08000028","","S12000013","S13002601"
"HS6 5AY",10,87296,875339,"S92000003","","S08000028","","S12000013","S13002601"
"HS6 5AZ",10,89394,877644,"S92000003","","S08000028","","S12000013","S13002601"
"HS6 5BB",10,92062,881442,"S92000003","","S08000028","","S12000013","S13002601"
"HS6 5BD",10,92079,881504,"S92000003","","S08000028","","S12000013","S13002601"
"HS6 5BE",10,92170,882630,"S92000003","","S08000028","","S12000013","S13002601"
"HS6 5BF",10,92047,881711,"S92000003","","S08000028","","S12000013","S13002601"
"HS6 5BG",10,92729,881928,"S92000003","","S08000028","","S12000013","S13002601"
"HS6 5BH",10,91926,880875,"S92000003","","S08000028","","S12000013","S13002601"
"HS6 5BJ",10,91519,880949,"S92000003","","S08000028","","S12000013","S13002601"
"HS6 5BL",10,91890,880926,"S92000003","","S08000028","","S12000013","S13002601"
"HS6 5BP",10,82471,875032,"S92000003","","S08000028","","S12000013","S13002601"
"HS6 5BQ",10,93082,882030,"S92000003","","S08000028","","S12000013","S13002601"
"HS6 5BR",10,93021,881506,"S92000003","","S08000028","","S12000013","S13002601"
"HS6 5BS",10,81305,874820,"S92000003","","S08000028","","S12000013","S13002601"
"HS6 5BT",10,81214,874958,"S92000003","","S08000028","","S12000013","S13002601"
"HS6 5BU",10,80429,874589,"S92000003","","S08000028","","S12000013","S13002601"
"HS6 5BW",10,85521,874026,"S92000003","","S08000028","","S12000013","S13002601"
"HS6 5BX",10,79464,874106,"S92000003","","S08000028","","S12000013","S13002601"
"HS6 5BY",10,78438,873260,"S92000003","","S08000028","","S12000013","S13002601"
"HS6 5BZ",10,75178,875712,"S92000003","","S08000028","","S12000013","S13002601"
"HS6 5DA",10,79356,873547,"S92000003","","S08000028","","S12000013","S13002601"
"HS6 5DE",10,71630,871824,"S92000003","","S08000028","","S12000013","S13002601"
"HS6 5DF",10,72367,872390,"S92000003","","S08000028","","S12000013","S13002601"
"HS6 5DG",10,72330,872977,"S92000003","","S08000028","","S12000013","S13002601"
"HS6 5DH",10,72719,874635,"S92000003","","S08000028","","S12000013","S13002601"
"HS6 5DL",10,70657,871058,"S92000003","","S08000028","","S12000013","S13002601"
"HS6 5DQ",10,72539,873545,"S92000003","","S08000028","","S12000013","S13002601"
"HS6 5DS",10,74824,868271,"S92000003","","S08000028","","S12000013","S13002601"
"HS6 5DT",10,75730,867988,"S92000003","","S08000028","","S12000013","S13002601"
"HS6 5DU",10,76432,867302,"S92000003","","S08000028","","S12000013","S13002601"
"HS6 5DW",10,72337,869989,"S92000003","","S08000028","","S12000013","S13002601"
"HS6 5DX",10,74879,867927,"S92000003","","S08000028","","S12000013","S13002601"
"HS6 5DY",10,75431,867243,"S92000003","","S08000028","","S12000013","S13002601"
"HS6 5DZ",10,74537,867616,"S92000003","","S08000028","","S12000013","S13002601"
"HS6 5EB",10,73644,867437,"S92000003","","S08000028","","S12000013","S13002601"
"HS6 5ED",10,73662,868541,"S92000003","","S08000028","","S12000013","S13002601"
"HS6 5EF",10,72940,868537,"S92000003","","S08000028","","S12000013","S13002601"
"HS6 5EH",10,81892,860340,"S92000003","","S08000028","","S12000013","S13002601"
"HS6 5EJ",10,81887,860951,"S92000003","","S08000028","","S12000013","S13002601"
"HS6 5EL",10,82002,860704,"S92000003","","S08000028","","S12000013","S13002601"
"HS6 5EN",10,81746,862160,"S92000003","","S08000028","","S12000013","S13002601"
"HS6 5EP",10,78169,865588,"S92000003","","S08000028","","S12000013","S13002601"
"HS6 5ES",10,79646,864520,"S92000003","","S08000028","","S12000013","S13002601"
"HS6 5ET",10,79809,863617,"S92000003","","S08000028","","S12000013","S13002601"
"HS6 5EU",10,85063,863388,"S92000003","","S08000028","","S12000013","S13002601"
"HS6 5EW",10,77168,866731,"S92000003","","S08000028","","S12000013","S13002601"
"HS6 5EX",10,88307,863274,"S92000003","","S08000028","","S12000013","S13002601"
"HS6 5HA",10,83738,865204,"S92000003","","S08000028","","S12000013","S13002601"
"HS6 5HD",10,81033,863921,"S92000003","","S08000028","","S12000013","S13002601"
"HS6 5HE",10,80496,863052,"S92000003","","S08000028","","S12000013","S13002601"
"HS6 5HG",10,79785,862456,"S92000003","","S08000028","","S12000013","S13002601"
"HS6 5HL",10,81586,859669,"S92000003","","S08000028","","S12000013","S13002601"
"HS6 5HN",10,83847,859765,"S92000003","","S08000028","","S12000013","S13002601"
"HS6 5HP",10,85213,858955,"S92000003","","S08000028","","S12000013","S13002601"
"HS6 5HQ",10,77681,862061,"S92000003","","S08000028","","S12000013","S13002601"
"HS6 5HR",10,82055,860552,"S92000003","","S08000028","","S12000013","S13002601"
"HS6 5HT",10,84544,857367,"S92000003","","S08000028","","S12000013","S13002601"
"HS6 5HU",10,85673,857749,"S92000003","","S08000028","","S12000013","S13002601"
"HS6 5HW",10,84609,859809,"S92000003","","S08000028","","S12000013","S13002601"
"HS6 5HX",10,87232,856372,"S92000003","","S08000028","","S12000013","S13002601"
"HS6 5HY",10,87863,855296,"S92000003","","S08000028","","S12000013","S13002601"
"HS6 5JA",10,86144,856068,"S92000003","","S08000028","","S12000013","S13002601"
"HS6 5JB",10,85158,856547,"S92000003","","S08000028","","S12000013","S13002601"
"HS7 5LA",10,78147,855066,"S92000003","","S08000028","","S12000013","S13002601"
"HS7 5LB",10,77527,855213,"S92000003","","S08000028","","S12000013","S13002601"
"HS7 5LD",10,77177,855301,"S92000003","","S08000028","","S12000013","S13002601"
"HS7 5LE",10,76898,855201,"S92000003","","S08000028","","S12000013","S13002601"
"HS7 5LF",10,76989,855281,"S92000003","","S08000028","","S12000013","S13002601"
"HS7 5LH",10,77118,855355,"S92000003","","S08000028","","S12000013","S13002601"
"HS7 5LQ",10,77212,855246,"S92000003","","S08000028","","S12000013","S13002601"
"HS7 5LS",10,76779,855389,"S92000003","","S08000028","","S12000013","S13002601"
"HS7 5LT",10,77270,854471,"S92000003","","S08000028","","S12000013","S13002601"
"HS7 5LU",10,76509,853695,"S92000003","","S08000028","","S12000013","S13002601"
"HS7 5LW",10,78034,855339,"S92000003","","S08000028","","S12000013","S13002601"
"HS7 5LX",10,79078,855059,"S92000003","","S08000028","","S12000013","S13002601"
"HS7 5LY",10,80051,855299,"S92000003","","S08000028","","S12000013","S13002601"
"HS7 5LZ",10,80990,855803,"S92000003","","S08000028","","S12000013","S13002601"
"HS7 5ND",10,76773,855300,"S92000003","","S08000028","","S12000013","S13002601"
"HS7 5NE",10,76800,855202,"S92000003","","S08000028","","S12000013","S13002601"
"HS7 5NF",10,76895,855325,"S92000003","","S08000028","","S12000013","S13002601"
"HS7 5NG",10,77778,855170,"S92000003","","S08000028","","S12000013","S13002601"
"HS7 5PG",10,79747,848532,"S92000003","","S08000028","","S12000013","S13002601"
"HS7 5PH",10,79825,848251,"S92000003","","S08000028","","S12000013","S13002601"
"HS7 5PJ",10,78490,849936,"S92000003","","S08000028","","S12000013","S13002601"
"HS7 5PL",10,79355,849341,"S92000003","","S08000028","","S12000013","S13002601"
"HS7 5PN",10,76820,851332,"S92000003","","S08000028","","S12000013","S13002601"
"HS7 5PP",10,78410,850866,"S92000003","","S08000028","","S12000013","S13002601"
"HS7 5PQ",10,79808,848314,"S92000003","","S08000028","","S12000013","S13002601"
"HS7 5PR",10,81250,847916,"S92000003","","S08000028","","S12000013","S13002601"
"HS7 5PS",10,83049,847207,"S92000003","","S08000028","","S12000013","S13002601"
"HS7 5PT",10,84575,846160,"S92000003","","S08000028","","S12000013","S13002601"
"HS7 5PW",10,80122,848014,"S92000003","","S08000028","","S12000013","S13002601"
"HS7 5PY",10,79812,849518,"S92000003","","S08000028","","S12000013","S13002601"
"HS7 5PZ",10,79737,850290,"S92000003","","S08000028","","S12000013","S13002601"
"HS7 5QA",10,78648,851852,"S92000003","","S08000028","","S12000013","S13002601"
"HS7 5QB",10,78980,851707,"S92000003","","S08000028","","S12000013","S13002601"
"HS7 5QD",10,81332,848247,"S92000003","","S08000028","","S12000013","S13002601"
"HS7 5QF",10,81941,848613,"S92000003","","S08000028","","S12000013","S13002601"
"HS7 5QG",10,83761,847934,"S92000003","","S08000028","","S12000013","S13002601"
"HS7 5QH",10,85694,848092,"S92000003","","S08000028","","S12000013","S13002601"
"HS7 5QJ",10,87262,849320,"S92000003","","S08000028","","S12000013","S13002601"
"HS7 5QL",10,86058,848478,"S92000003","","S08000028","","S12000013","S13002601"
"HS7 5QP",10,82124,855663,"S92000003","","S08000028","","S12000013","S13002601"
"HS7 5QR",10,83294,855287,"S92000003","","S08000028","","S12000013","S13002601"
"HS7 5QS",10,84234,854911,"S92000003","","S08000028","","S12000013","S13002601"
"HS7 5WX",10,79680,848763,"S92000003","","S08000028","","S12000013","S13002601"
"HS8 5JH",10,78978,811910,"S92000003","","S08000028","","S12000013","S13002600"
"HS8 5JJ",10,78638,811953,"S92000003","","S08000028","","S12000013","S13002600"
"HS8 5JL",10,78523,811554,"S92000003","","S08000028","","S12000013","S13002600"
"HS8 5JN",10,78717,810533,"S92000003","","S08000028","","S12000013","S13002600"
"HS8 5JP",10,79248,809962,"S92000003","","S08000028","","S12000013","S13002600"
"HS8 5JR",10,79677,812133,"S92000003","","S08000028","","S12000013","S13002600"
"HS8 5JT",10,78619,811818,"S92000003","","S08000028","","S12000013","S13002600"
"HS8 5JU",10,78539,811829,"S92000003","","S08000028","","S12000013","S13002600"
"HS8 5JW",10,79070,810367,"S92000003","","S08000028","","S12000013","S13002600"
"HS8 5NA",10,83797,841394,"S92000003","","S08000028","","S12000013","S13002600"
"HS8 5NS",10,82040,838853,"S92000003","","S08000028","","S12000013","S13002600"
"HS8 5NU",10,81898,843469,"S92000003","","S08000028","","S12000013","S13002600"
"HS8 5NX",10,83030,842946,"S92000003","","S08000028","","S12000013","S13002600"
"HS8 5NY",10,83258,842165,"S92000003","","S08000028","","S12000013","S13002600"
"HS8 5NZ",10,83337,840402,"S92000003","","S08000028","","S12000013","S13002600"
"HS8 5PD",10,82193,843432,"S92000003","","S08000028","","S12000013","S13002600"
"HS8 5PE",10,81396,845151,"S92000003","","S08000028","","S12000013","S13002600"
"HS8 5QX",10,78871,847001,"S92000003","","S08000028","","S12000013","S13002600"
"HS8 5QY",10,80026,845788,"S92000003","","S08000028","","S12000013","S13002600"
"HS8 5RA",10,77525,846393,"S92000003","","S08000028","","S12000013","S13002600"
"HS8 5RB",10,76539,846928,"S92000003","","S08000028","","S12000013","S13002600"
"HS8 5RD",10,76102,846436,"S92000003","","S08000028","","S12000013","S13002600"
"HS8 5RE",10,75194,845989,"S92000003","","S08000028","","S12000013","S13002600"
"HS8 5RF",10,74277,845800,"S92000003","","S08000028","","S12000013","S13002600"
"HS8 5RG",10,77743,845544,"S92000003","","S08000028","","S12000013","S13002600"
"HS8 5RH",10,79884,846619,"S92000003","","S08000028","","S12000013","S13002600"
"HS8 5RJ",10,79654,846203,"S92000003","","S08000028","","S12000013","S13002600"
"HS8 5RL",10,79229,846131,"S92000003","","S08000028","","S12000013","S13002600"
"HS8 5RP",10,77846,841935,"S92000003","","S08000028","","S12000013","S13002600"
"HS8 5RQ",10,78407,846235,"S92000003","","S08000028","","S12000013","S13002600"
"HS8 5RR",10,77372,839597,"S92000003","","S08000028","","S12000013","S13002600"
"HS8 5RS",10,76974,838563,"S92000003","","S08000028","","S12000013","S13002600"
"HS8 5RT",10,76136,837312,"S92000003","","S08000028","","S12000013","S13002600"
"HS8 5RU",10,79251,846027,"S92000003","","S08000028","","S12000013","S13002600"
"HS8 5RW",10,77469,841899,"S92000003","","S08000028","","S12000013","S13002600"
"HS8 5RX",10,74055,825338,"S92000003","","S08000028","","S12000013","S13002600"
"HS8 5RY",10,74279,826309,"S92000003","","S08000028","","S12000013","S13002600"
"HS8 5RZ",10,73461,827631,"S92000003","","S08000028","","S12000013","S13002600"
"HS8 5SA",10,74401,829640,"S92000003","","S08000028","","S12000013","S13002600"
"HS8 5SB",10,74872,831443,"S92000003","","S08000028","","S12000013","S13002600"
"HS8 5SD",10,74614,833567,"S92000003","","S08000028","","S12000013","S13002600"
"HS8 5SF",10,74869,834956,"S92000003","","S08000028","","S12000013","S13002600"
"HS8 5SG",10,75974,834807,"S92000003","","S08000028","","S12000013","S13002600"
"HS8 5SH",10,76461,836217,"S92000003","","S08000028","","S12000013","S13002600"
"HS8 5SJ",10,76659,829205,"S92000003","","S08000028","","S12000013","S13002600"
"HS8 5SL",10,77133,827911,"S92000003","","S08000028","","S12000013","S13002600"
"HS8 5SN",10,77994,828661,"S92000003","","S08000028","","S12000013","S13002600"
"HS8 5SQ",10,76111,835210,"S92000003","","S08000028","","S12000013","S13002600"
"HS8 5SS",10,75383,821058,"S92000003","","S08000028","","S12000013","S13002600"
"HS8 5ST",10,75867,821256,"S92000003","","S08000028","","S12000013","S13002600"
"HS8 5SU",10,75957,821179,"S92000003","","S08000028","","S12000013","S13002600"
"HS8 5SX",10,75227,822183,"S92000003","","S08000028","","S12000013","S13002600"
"HS8 5SY",10,74343,823562,"S92000003","","S08000028","","S12000013","S13002600"
"HS8 5SZ",10,75503,820359,"S92000003","","S08000028","","S12000013","S13002600"
"HS8 5TB",10,74723,820049,"S92000003","","S08000028","","S12000013","S13002600"
"HS8 5TD",10,74261,818074,"S92000003","","S08000028","","S12000013","S13002600"
"HS8 5TE",10,74841,817150,"S92000003","","S08000028","","S12000013","S13002600"
"HS8 5TF",10,75625,816943,"S92000003","","S08000028","","S12000013","S13002600"
"HS8 5TG",10,76091,821021,"S92000003","","S08000028","","S12000013","S13002600"
"HS8 5TH",10,78656,819626,"S92000003","","S08000028","","S12000013","S13002600"
"HS8 5TJ",10,79163,819558,"S92000003","","S08000028","","S12000013","S13002600"
"HS8 5TL",10,79148,819498,"S92000003","","S08000028","","S12000013","S13002600"
"HS8 5TN",10,77398,820392,"S92000003","","S08000028","","S12000013","S13002600"
"HS8 5TP",10,79251,819395,"S92000003","","S08000028","","S12000013","S13002600"
"HS8 5TR",10,74733,814828,"S92000003","","S08000028","","S12000013","S13002600"
"HS8 5TS",10,77120,814051,"S92000003","","S08000028","","S12000013","S13002600"
"HS8 5TT",10,75238,814527,"S92000003","","S08000028","","S12000013","S13002600"
"HS8 5TU",10,74956,815477,"S92000003","","S08000028","","S12000013","S13002600"
"HS8 5TW",10,78886,820011,"S92000003","","S08000028","","S12000013","S13002600"
"HS8 5TX",10,74938,816509,"S92000003","","S08000028","","S12000013","S13002600"
"HS8 5TY",10,75707,816616,"S92000003","","S08000028","","S12000013","S13002600"
"HS8 5UB",10,77776,817702,"S92000003","","S08000028","","S12000013","S13002600"
"HS8 5UD",10,79130,817547,"S92000003","","S08000028","","S12000013","S13002600"
"HS8 5UE",10,79139,815096,"S92000003","","S08000028","","S12000013","S13002600"
"HS9 5UA",10,69412,798939,"S92000003","","S08000028","","S12000013","S13002600"
"HS9 5UB",10,69893,799303,"S92000003","","S08000028","","S12000013","S13002600"
"HS9 5UH",10,67682,798487,"S92000003","","S08000028","","S12000013","S13002600"
"HS9 5UJ",10,66882,798120,"S92000003","","S08000028","","S12000013","S13002600"
"HS9 5UL",10,66886,797968,"S92000003","","S08000028","","S12000013","S13002600"
"HS9 5UN",10,69107,798862,"S92000003","","S08000028","","S12000013","S13002600"
"HS9 5UP",10,69823,799444,"S92000003","","S08000028","","S12000013","S13002600"
"HS9 5UQ",10,66968,798302,"S92000003","","S08000028","","S12000013","S13002600"
"HS9 5UR",10,70482,799822,"S92000003","","S08000028","","S12000013","S13002600"
"HS9 5UT",10,71321,801512,"S92000003","","S08000028","","S12000013","S13002600"
"HS9 5UU",10,71303,800900,"S92000003","","S08000028","","S12000013","S13002600"
"HS9 5UW",10,69940,799101,"S92000003","","S08000028","","S12000013","S13002600"
"HS9 5UX",10,71223,802481,"S92000003","","S08000028","","S12000013","S13002600"
"HS9 5UY",10,72042,802286,"S92000003","","S08000028","","S12000013","S13002600"
"HS9 5UZ",10,66509,797962,"S92000003","","S08000028","","S12000013","S13002600"
"HS9 5XA",10,63093,794411,"S92000003","","S08000028","","S12000013","S13002600"
"HS9 5XB",10,66150,798412,"S92000003","","S08000028","","S12000013","S13002600"
"HS9 5XD",10,66488,798349,"S92000003","","S08000028","","S12000013","S13002600"
"HS9 5XE",10,65929,798150,"S92000003","","S08000028","","S12000013","S13002600"
"HS9 5XF",10,65836,798375,"S92000003","","S08000028","","S12000013","S13002600"
"HS9 5XG",10,66123,798332,"S92000003","","S08000028","","S12000013","S13002600"
"HS9 5XH",10,65820,798142,"S92000003","","S08000028","","S12000013","S13002600"
"HS9 5XJ",10,65803,798300,"S92000003","","S08000028","","S12000013","S13002600"
"HS9 5XL",10,65660,798699,"S92000003","","S08000028","","S12000013","S13002600"
"HS9 5XN",10,65319,798346,"S92000003","","S08000028","","S12000013","S13002600"
"HS9 5XP",10,65854,798156,"S92000003","","S08000028","","S12000013","S13002600"
"HS9 5XQ",10,65991,798174,"S92000003","","S08000028","","S12000013","S13002600"
"HS9 5XR",10,65864,801241,"S92000003","","S08000028","","S12000013","S13002600"
"HS9 5XS",10,65918,801597,"S92000003","","S08000028","","S12000013","S13002600"
"HS9 5XT",10,65906,802887,"S92000003","","S08000028","","S12000013","S13002600"
"HS9 5XU",10,67202,803677,"S92000003","","S08000028","","S12000013","S13002600"
"HS9 5XW",10,64940,800031,"S92000003","","S08000028","","S12000013","S13002600"
"HS9 5XX",10,66627,804365,"S92000003","","S08000028","","S12000013","S13002600"
"HS9 5XY",10,70113,803277,"S92000003","","S08000028","","S12000013","S13002600"
"HS9 5XZ",10,67199,803326,"S92000003","","S08000028","","S12000013","S13002600"
"HS9 5YA",10,71129,803339,"S92000003","","S08000028","","S12000013","S13002600"
"HS9 5YB",10,70771,804267,"S92000003","","S08000028","","S12000013","S13002600"
"HS9 5YD",10,70645,807467,"S92000003","","S08000028","","S12000013","S13002600"
"HS9 5YE",10,70355,807652,"S92000003","","S08000028","","S12000013","S13002600"
"HS9 5YG",10,63093,794411,"S92000003","","S08000028","","S12000013","S13002600"
"HS9 5YH",10,70920,802978,"S92000003","","S08000028","","S12000013","S13002600"
"HS9 5YL",10,63280,797381,"S92000003","","S08000028","","S12000013","S13002600"
"HS9 5YN",10,65331,796062,"S92000003","","S08000028","","S12000013","S13002600"
"HS9 5YP",10,63814,797169,"S92000003","","S08000028","","S12000013","S13002600"
"HS9 5YQ",10,70782,802954,"S92000003","","S08000028","","S12000013","S13002600"
"HS9 5YR",10,70435,806698,"S92000003","","S08000028","","S12000013","S13002600"
"HS9 5YU",10,63222,794554,"S92000003","","S08000028","","S12000013","S13002600"
"HS9 5YW",10,63310,794554,"S92000003","","S08000028","","S12000013","S13002600"
"HS9 5ZE",10,65957,798229,"S92000003","","S08000028","","S12000013","S13002600"
