"ZE1 0AA",10,447759,1141280,"S92000003","","S08000026","","S12000027","S13002777"
"ZE1 0AB",10,447830,1141252,"S92000003","","S08000026","","S12000027","S13002778"
"ZE1 0AD",10,447759,1141280,"S92000003","","S08000026","","S12000027","S13002777"
"ZE1 0AE",10,447793,1141217,"S92000003","","S08000026","","S12000027","S13002777"
"ZE1 0AF",10,447974,1141186,"S92000003","","S08000026","","S12000027","S13002778"
"ZE1 0AG",10,447867,1141189,"S92000003","","S08000026","","S12000027","S13002778"
"ZE1 0AH",10,448000,1141073,"S92000003","","S08000026","","S12000027","S13002778"
"ZE1 0AJ",10,447780,1141257,"S92000003","","S08000026","","S12000027","S13002777"
"ZE1 0AL",10,447818,1141186,"S92000003","","S08000026","","S12000027","S13002778"
"ZE1 0AN",10,447966,1141213,"S92000003","","S08000026","","S12000027","S13002778"
"ZE1 0AP",10,448026,1141143,"S92000003","","S08000026","","S12000027","S13002778"
"ZE1 0AQ",10,447830,1141090,"S92000003","","S08000026","","S12000027","S13002778"
"ZE1 0AR",10,447811,1141051,"S92000003","","S08000026","","S12000027","S13002778"
"ZE1 0AS",10,447851,1140983,"S92000003","","S08000026","","S12000027","S13002778"
"ZE1 0AT",10,447691,1140992,"S92000003","","S08000026","","S12000027","S13002778"
"ZE1 0AU",10,447935,1141182,"S92000003","","S08000026","","S12000027","S13002778"
"ZE1 0AW",10,447951,1141139,"S92000003","","S08000026","","S12000027","S13002778"
"ZE1 0AX",10,447849,1140867,"S92000003","","S08000026","","S12000027","S13002778"
"ZE1 0AZ",10,447408,1141463,"S92000003","","S08000026","","S12000027","S13002777"
"ZE1 0BA",10,447984,1141037,"S92000003","","S08000026","","S12000027","S13002778"
"ZE1 0BB",10,448173,1140902,"S92000003","","S08000026","","S12000027","S13002778"
"ZE1 0BD",10,447729,1141262,"S92000003","","S08000026","","S12000027","S13002777"
"ZE1 0BE",10,447711,1141124,"S92000003","","S08000026","","S12000027","S13002777"
"ZE1 0BF",10,447771,1141219,"S92000003","","S08000026","","S12000027","S13002777"
"ZE1 0BG",10,448104,1141135,"S92000003","","S08000026","","S12000027","S13002778"
"ZE1 0BH",10,448031,1141020,"S92000003","","S08000026","","S12000027","S13002778"
"ZE1 0BJ",10,447685,1141214,"S92000003","","S08000026","","S12000027","S13002777"
"ZE1 0BL",10,447689,1141193,"S92000003","","S08000026","","S12000027","S13002777"
"ZE1 0BN",10,447647,1141136,"S92000003","","S08000026","","S12000027","S13002777"
"ZE1 0BP",10,447718,1141124,"S92000003","","S08000026","","S12000027","S13002777"
"ZE1 0BQ",10,447621,1141002,"S92000003","","S08000026","","S12000027","S13002778"
"ZE1 0BR",10,447603,1141118,"S92000003","","S08000026","","S12000027","S13002777"
"ZE1 0BS",10,447621,1141163,"S92000003","","S08000026","","S12000027","S13002777"
"ZE1 0BT",10,447526,1141098,"S92000003","","S08000026","","S12000027","S13002778"
"ZE1 0BU",10,447709,1141087,"S92000003","","S08000026","","S12000027","S13002778"
"ZE1 0BW",10,447679,1141078,"S92000003","","S08000026","","S12000027","S13002778"
"ZE1 0BX",10,447519,1141030,"S92000003","","S08000026","","S12000027","S13002778"
"ZE1 0BY",10,447727,1141189,"S92000003","","S08000026","","S12000027","S13002777"
"ZE1 0BZ",10,447730,1141168,"S92000003","","S08000026","","S12000027","S13002777"
"ZE1 0DA",10,447446,1141145,"S92000003","","S08000026","","S12000027","S13002777"
"ZE1 0DB",10,447486,1140960,"S92000003","","S08000026","","S12000027","S13002778"
"ZE1 0DD",10,447369,1141040,"S92000003","","S08000026","","S12000027","S13002778"
"ZE1 0DE",10,447001,1141816,"S92000003","","S08000026","","S12000027","S13002777"
"ZE1 0DG",10,446222,1143036,"S92000003","","S08000026","","S12000027","S13002777"
"ZE1 0DH",10,446053,1140393,"S92000003","","S08000026","","S12000027","S13002778"
"ZE1 0DJ",10,447445,1141050,"S92000003","","S08000026","","S12000027","S13002778"
"ZE1 0DL",10,447668,1141299,"S92000003","","S08000026","","S12000027","S13002777"
"ZE1 0DP",10,447630,1141329,"S92000003","","S08000026","","S12000027","S13002777"
"ZE1 0DQ",10,447632,1141312,"S92000003","","S08000026","","S12000027","S13002777"
"ZE1 0DR",10,447562,1141279,"S92000003","","S08000026","","S12000027","S13002777"
"ZE1 0DS",10,447648,1141304,"S92000003","","S08000026","","S12000027","S13002777"
"ZE1 0DT",10,447574,1141244,"S92000003","","S08000026","","S12000027","S13002777"
"ZE1 0DU",10,447746,1140882,"S92000003","","S08000026","","S12000027","S13002778"
"ZE1 0DW",10,447552,1141314,"S92000003","","S08000026","","S12000027","S13002777"
"ZE1 0DX",10,447566,1141202,"S92000003","","S08000026","","S12000027","S13002777"
"ZE1 0EA",10,447613,1141220,"S92000003","","S08000026","","S12000027","S13002777"
"ZE1 0EB",10,447637,1141246,"S92000003","","S08000026","","S12000027","S13002777"
"ZE1 0ED",10,447505,1141230,"S92000003","","S08000026","","S12000027","S13002777"
"ZE1 0EE",10,447879,1140907,"S92000003","","S08000026","","S12000027","S13002778"
"ZE1 0EF",10,446241,1140304,"S92000003","","S08000026","","S12000027","S13002778"
"ZE1 0EG",10,447516,1141329,"S92000003","","S08000026","","S12000027","S13002777"
"ZE1 0EH",10,447759,1141280,"S92000003","","S08000026","","S12000027","S13002777"
"ZE1 0EJ",10,447546,1141203,"S92000003","","S08000026","","S12000027","S13002777"
"ZE1 0EL",10,447483,1141286,"S92000003","","S08000026","","S12000027","S13002777"
"ZE1 0EN",10,447451,1141291,"S92000003","","S08000026","","S12000027","S13002777"
"ZE1 0EP",10,447431,1141186,"S92000003","","S08000026","","S12000027","S13002777"
"ZE1 0EQ",10,447402,1141240,"S92000003","","S08000026","","S12000027","S13002777"
"ZE1 0ER",10,447259,1141547,"S92000003","","S08000026","","S12000027","S13002777"
"ZE1 0ES",10,447354,1141608,"S92000003","","S08000026","","S12000027","S13002777"
"ZE1 0ET",10,447291,1141271,"S92000003","","S08000026","","S12000027","S13002777"
"ZE1 0EU",10,447408,1141463,"S92000003","","S08000026","","S12000027","S13002777"
"ZE1 0EW",10,447302,1141621,"S92000003","","S08000026","","S12000027","S13002777"
"ZE1 0EX",10,447645,1141379,"S92000003","","S08000026","","S12000027","S13002777"
"ZE1 0EY",10,445902,1140285,"S92000003","","S08000026","","S12000027","S13002778"
"ZE1 0EZ",10,447622,1141378,"S92000003","","S08000026","","S12000027","S13002777"
"ZE1 0FB",10,446482,1142467,"S92000003","","S08000026","","S12000027","S13002777"
"ZE1 0FD",10,447748,1141132,"S92000003","","S08000026","","S12000027","S13002777"
"ZE1 0FE",10,447709,1141252,"S92000003","","S08000026","","S12000027","S13002777"
"ZE1 0FL",10,447836,1141183,"S92000003","","S08000026","","S12000027","S13002778"
"ZE1 0FN",10,447851,1141210,"S92000003","","S08000026","","S12000027","S13002778"
"ZE1 0GA",10,446050,1140846,"S92000003","","S08000026","","S12000027","S13002778"
"ZE1 0GB",10,446122,1140918,"S92000003","","S08000026","","S12000027","S13002778"
"ZE1 0GD",10,446252,1140866,"S92000003","","S08000026","","S12000027","S13002778"
"ZE1 0GE",10,446061,1140729,"S92000003","","S08000026","","S12000027","S13002778"
"ZE1 0GF",10,446596,1140523,"S92000003","","S08000026","","S12000027","S13002778"
"ZE1 0GG",10,447711,1141235,"S92000003","","S08000026","","S12000027","S13002777"
"ZE1 0GH",10,447744,1141199,"S92000003","","S08000026","","S12000027","S13002777"
"ZE1 0GJ",10,447683,1141163,"S92000003","","S08000026","","S12000027","S13002777"
"ZE1 0GN",10,447620,1141149,"S92000003","","S08000026","","S12000027","S13002777"
"ZE1 0GQ",10,447548,1141040,"S92000003","","S08000026","","S12000027","S13002778"
"ZE1 0GR",10,448000,1140876,"S92000003","","S08000026","","S12000027","S13002778"
"ZE1 0GS",10,445830,1141900,"S92000003","","S08000026","","S12000027","S13002777"
"ZE1 0GT",10,445901,1141835,"S92000003","","S08000026","","S12000027","S13002777"
"ZE1 0GU",10,445859,1141853,"S92000003","","S08000026","","S12000027","S13002777"
"ZE1 0GY",10,447150,1141019,"S92000003","","S08000026","","S12000027","S13002778"
"ZE1 0GZ",10,447533,1141620,"S92000003","","S08000026","","S12000027","S13002777"
"ZE1 0HA",10,447535,1141403,"S92000003","","S08000026","","S12000027","S13002777"
"ZE1 0HB",10,447500,1141395,"S92000003","","S08000026","","S12000027","S13002777"
"ZE1 0HD",10,447453,1141469,"S92000003","","S08000026","","S12000027","S13002777"
"ZE1 0HE",10,447569,1141414,"S92000003","","S08000026","","S12000027","S13002777"
"ZE1 0HF",10,447532,1141697,"S92000003","","S08000026","","S12000027","S13002777"
"ZE1 0HG",10,447008,1141347,"S92000003","","S08000026","","S12000027","S13002778"
"ZE1 0HH",10,446133,1142184,"S92000003","","S08000026","","S12000027","S13002777"
"ZE1 0HJ",10,447197,1141632,"S92000003","","S08000026","","S12000027","S13002777"
"ZE1 0HL",10,447090,1141566,"S92000003","","S08000026","","S12000027","S13002777"
"ZE1 0HN",10,446948,1141483,"S92000003","","S08000026","","S12000027","S13002777"
"ZE1 0HP",10,446879,1141538,"S92000003","","S08000026","","S12000027","S13002777"
"ZE1 0HQ",10,446882,1141609,"S92000003","","S08000026","","S12000027","S13002777"
"ZE1 0HR",10,446845,1141466,"S92000003","","S08000026","","S12000027","S13002777"
"ZE1 0HS",10,446867,1141429,"S92000003","","S08000026","","S12000027","S13002777"
"ZE1 0HT",10,446855,1141666,"S92000003","","S08000026","","S12000027","S13002777"
"ZE1 0HU",10,446923,1141386,"S92000003","","S08000026","","S12000027","S13002777"
"ZE1 0HW",10,447114,1141601,"S92000003","","S08000026","","S12000027","S13002777"
"ZE1 0HX",10,447618,1141446,"S92000003","","S08000026","","S12000027","S13002777"
"ZE1 0HY",10,447644,1141529,"S92000003","","S08000026","","S12000027","S13002777"
"ZE1 0JB",10,447492,1141454,"S92000003","","S08000026","","S12000027","S13002777"
"ZE1 0JD",10,447589,1141443,"S92000003","","S08000026","","S12000027","S13002777"
"ZE1 0JE",10,447510,1141461,"S92000003","","S08000026","","S12000027","S13002777"
"ZE1 0JF",10,445311,1139750,"S92000003","","S08000026","","S12000027","S13002778"
"ZE1 0JH",10,448000,1140876,"S92000003","","S08000026","","S12000027","S13002778"
"ZE1 0JL",10,447560,1141454,"S92000003","","S08000026","","S12000027","S13002777"
"ZE1 0JN",10,447505,1141537,"S92000003","","S08000026","","S12000027","S13002777"
"ZE1 0JP",10,447438,1141634,"S92000003","","S08000026","","S12000027","S13002777"
"ZE1 0JS",10,447420,1141555,"S92000003","","S08000026","","S12000027","S13002777"
"ZE1 0JT",10,447374,1141646,"S92000003","","S08000026","","S12000027","S13002777"
"ZE1 0JX",10,447224,1141570,"S92000003","","S08000026","","S12000027","S13002777"
"ZE1 0JZ",10,445663,1140268,"S92000003","","S08000026","","S12000027","S13002778"
"ZE1 0LA",10,447239,1141408,"S92000003","","S08000026","","S12000027","S13002777"
"ZE1 0LB",10,447228,1141210,"S92000003","","S08000026","","S12000027","S13002778"
"ZE1 0LD",10,447332,1141102,"S92000003","","S08000026","","S12000027","S13002778"
"ZE1 0LE",10,447277,1141219,"S92000003","","S08000026","","S12000027","S13002777"
"ZE1 0LF",10,447143,1141378,"S92000003","","S08000026","","S12000027","S13002778"
"ZE1 0LJ",10,447304,1141069,"S92000003","","S08000026","","S12000027","S13002778"
"ZE1 0LL",10,447655,1141495,"S92000003","","S08000026","","S12000027","S13002777"
"ZE1 0LN",10,447247,1141077,"S92000003","","S08000026","","S12000027","S13002778"
"ZE1 0LP",10,445721,1140421,"S92000003","","S08000026","","S12000027","S13002778"
"ZE1 0LQ",10,447521,1141703,"S92000003","","S08000026","","S12000027","S13002777"
"ZE1 0LR",10,447549,1141615,"S92000003","","S08000026","","S12000027","S13002777"
"ZE1 0LU",10,447691,1141247,"S92000003","","S08000026","","S12000027","S13002777"
"ZE1 0LW",10,447511,1141665,"S92000003","","S08000026","","S12000027","S13002777"
"ZE1 0LX",10,447521,1141703,"S92000003","","S08000026","","S12000027","S13002777"
"ZE1 0LY",10,446108,1140300,"S92000003","","S08000026","","S12000027","S13002778"
"ZE1 0LZ",10,447498,1141911,"S92000003","","S08000026","","S12000027","S13002777"
"ZE1 0NA",10,445473,1142033,"S92000003","","S08000026","","S12000027","S13002777"
"ZE1 0ND",10,447412,1141793,"S92000003","","S08000026","","S12000027","S13002777"
"ZE1 0NE",10,446248,1142321,"S92000003","","S08000026","","S12000027","S13002777"
"ZE1 0NF",10,446073,1142217,"S92000003","","S08000026","","S12000027","S13002777"
"ZE1 0NG",10,446200,1142266,"S92000003","","S08000026","","S12000027","S13002777"
"ZE1 0NH",10,447187,1141873,"S92000003","","S08000026","","S12000027","S13002777"
"ZE1 0NJ",10,447384,1141721,"S92000003","","S08000026","","S12000027","S13002777"
"ZE1 0NL",10,447280,1141699,"S92000003","","S08000026","","S12000027","S13002777"
"ZE1 0NN",10,446012,1142102,"S92000003","","S08000026","","S12000027","S13002777"
"ZE1 0NP",10,447109,1141709,"S92000003","","S08000026","","S12000027","S13002777"
"ZE1 0NQ",10,447004,1141704,"S92000003","","S08000026","","S12000027","S13002777"
"ZE1 0NR",10,446979,1141684,"S92000003","","S08000026","","S12000027","S13002777"
"ZE1 0NS",10,447065,1141618,"S92000003","","S08000026","","S12000027","S13002777"
"ZE1 0NT",10,446902,1141757,"S92000003","","S08000026","","S12000027","S13002777"
"ZE1 0NU",10,445935,1141956,"S92000003","","S08000026","","S12000027","S13002777"
"ZE1 0NW",10,447000,1141270,"S92000003","","S08000026","","S12000027","S13002778"
"ZE1 0NX",10,446824,1141860,"S92000003","","S08000026","","S12000027","S13002777"
"ZE1 0NY",10,447119,1141808,"S92000003","","S08000026","","S12000027","S13002777"
"ZE1 0NZ",10,446081,1142064,"S92000003","","S08000026","","S12000027","S13002777"
"ZE1 0PA",10,446836,1141745,"S92000003","","S08000026","","S12000027","S13002777"
"ZE1 0PB",10,446794,1141763,"S92000003","","S08000026","","S12000027","S13002777"
"ZE1 0PD",10,446788,1141557,"S92000003","","S08000026","","S12000027","S13002777"
"ZE1 0PE",10,447009,1141751,"S92000003","","S08000026","","S12000027","S13002777"
"ZE1 0PF",10,446603,1142480,"S92000003","","S08000026","","S12000027","S13002777"
"ZE1 0PG",10,446669,1142409,"S92000003","","S08000026","","S12000027","S13002777"
"ZE1 0PH",10,446840,1141990,"S92000003","","S08000026","","S12000027","S13002777"
"ZE1 0PJ",10,446770,1141282,"S92000003","","S08000026","","S12000027","S13002778"
"ZE1 0PL",10,446782,1141244,"S92000003","","S08000026","","S12000027","S13002778"
"ZE1 0PN",10,446752,1141809,"S92000003","","S08000026","","S12000027","S13002777"
"ZE1 0PP",10,446809,1141924,"S92000003","","S08000026","","S12000027","S13002777"
"ZE1 0PQ",10,446791,1142067,"S92000003","","S08000026","","S12000027","S13002777"
"ZE1 0PR",10,446622,1142359,"S92000003","","S08000026","","S12000027","S13002777"
"ZE1 0PS",10,446456,1142794,"S92000003","","S08000026","","S12000027","S13002777"
"ZE1 0PT",10,446217,1143168,"S92000003","","S08000026","","S12000027","S13002777"
"ZE1 0PU",10,447081,1145114,"S92000003","","S08000026","","S12000027","S13002777"
"ZE1 0PW",10,446764,1142272,"S92000003","","S08000026","","S12000027","S13002777"
"ZE1 0PX",10,446373,1143059,"S92000003","","S08000026","","S12000027","S13002777"
"ZE1 0PY",10,446825,1143886,"S92000003","","S08000026","","S12000027","S13002777"
"ZE1 0PZ",10,445985,1143141,"S92000003","","S08000026","","S12000027","S13002777"
"ZE1 0QA",10,447094,1141332,"S92000003","","S08000026","","S12000027","S13002778"
"ZE1 0QB",10,447157,1141224,"S92000003","","S08000026","","S12000027","S13002778"
"ZE1 0QD",10,446879,1141252,"S92000003","","S08000026","","S12000027","S13002778"
"ZE1 0QE",10,446448,1142320,"S92000003","","S08000026","","S12000027","S13002777"
"ZE1 0QF",10,446373,1142305,"S92000003","","S08000026","","S12000027","S13002777"
"ZE1 0QG",10,446362,1142203,"S92000003","","S08000026","","S12000027","S13002777"
"ZE1 0QH",10,446208,1142163,"S92000003","","S08000026","","S12000027","S13002777"
"ZE1 0QJ",10,446994,1141168,"S92000003","","S08000026","","S12000027","S13002778"
"ZE1 0QN",10,446954,1141161,"S92000003","","S08000026","","S12000027","S13002778"
"ZE1 0QQ",10,446848,1141194,"S92000003","","S08000026","","S12000027","S13002778"
"ZE1 0QR",10,446853,1141065,"S92000003","","S08000026","","S12000027","S13002778"
"ZE1 0QS",10,446869,1140961,"S92000003","","S08000026","","S12000027","S13002778"
"ZE1 0QT",10,446893,1141092,"S92000003","","S08000026","","S12000027","S13002778"
"ZE1 0QW",10,446600,1142308,"S92000003","","S08000026","","S12000027","S13002777"
"ZE1 0QX",10,446883,1140885,"S92000003","","S08000026","","S12000027","S13002778"
"ZE1 0QY",10,445576,1141958,"S92000003","","S08000026","","S12000027","S13002777"
"ZE1 0QZ",10,447218,1140996,"S92000003","","S08000026","","S12000027","S13002778"
"ZE1 0RA",10,446764,1141003,"S92000003","","S08000026","","S12000027","S13002778"
"ZE1 0RB",10,447106,1141073,"S92000003","","S08000026","","S12000027","S13002778"
"ZE1 0RD",10,446611,1140682,"S92000003","","S08000026","","S12000027","S13002778"
"ZE1 0RE",10,446234,1140528,"S92000003","","S08000026","","S12000027","S13002778"
"ZE1 0RF",10,446175,1140943,"S92000003","","S08000026","","S12000027","S13002778"
"ZE1 0RG",10,446197,1140774,"S92000003","","S08000026","","S12000027","S13002778"
"ZE1 0RH",10,446595,1140431,"S92000003","","S08000026","","S12000027","S13002778"
"ZE1 0RJ",10,446559,1140467,"S92000003","","S08000026","","S12000027","S13002778"
"ZE1 0RL",10,446439,1140136,"S92000003","","S08000026","","S12000027","S13002778"
"ZE1 0RN",10,446617,1140024,"S92000003","","S08000026","","S12000027","S13002778"
"ZE1 0RP",10,446148,1140838,"S92000003","","S08000026","","S12000027","S13002778"
"ZE1 0RQ",10,445735,1140103,"S92000003","","S08000026","","S12000027","S13002778"
"ZE1 0RR",10,445292,1139704,"S92000003","","S08000026","","S12000027","S13002778"
"ZE1 0RS",10,446506,1140479,"S92000003","","S08000026","","S12000027","S13002778"
"ZE1 0RT",10,446475,1140354,"S92000003","","S08000026","","S12000027","S13002778"
"ZE1 0RU",10,446442,1140380,"S92000003","","S08000026","","S12000027","S13002778"
"ZE1 0RW",10,446395,1140431,"S92000003","","S08000026","","S12000027","S13002778"
"ZE1 0RX",10,446381,1140493,"S92000003","","S08000026","","S12000027","S13002778"
"ZE1 0RY",10,446442,1140574,"S92000003","","S08000026","","S12000027","S13002778"
"ZE1 0RZ",10,446187,1140689,"S92000003","","S08000026","","S12000027","S13002778"
"ZE1 0SA",10,446373,1140265,"S92000003","","S08000026","","S12000027","S13002778"
"ZE1 0SB",10,446298,1140399,"S92000003","","S08000026","","S12000027","S13002778"
"ZE1 0SD",10,446177,1140190,"S92000003","","S08000026","","S12000027","S13002778"
"ZE1 0SE",10,446106,1140560,"S92000003","","S08000026","","S12000027","S13002778"
"ZE1 0SF",10,445906,1140429,"S92000003","","S08000026","","S12000027","S13002778"
"ZE1 0SG",10,445807,1140393,"S92000003","","S08000026","","S12000027","S13002778"
"ZE1 0SH",10,445835,1140179,"S92000003","","S08000026","","S12000027","S13002778"
"ZE1 0SJ",10,445891,1140170,"S92000003","","S08000026","","S12000027","S13002778"
"ZE1 0SL",10,445937,1140141,"S92000003","","S08000026","","S12000027","S13002778"
"ZE1 0SN",10,445998,1140138,"S92000003","","S08000026","","S12000027","S13002778"
"ZE1 0SP",10,445898,1140063,"S92000003","","S08000026","","S12000027","S13002778"
"ZE1 0SQ",10,445775,1140167,"S92000003","","S08000026","","S12000027","S13002778"
"ZE1 0SR",10,445505,1140169,"S92000003","","S08000026","","S12000027","S13002778"
"ZE1 0SS",10,446268,1140202,"S92000003","","S08000026","","S12000027","S13002778"
"ZE1 0ST",10,445726,1140335,"S92000003","","S08000026","","S12000027","S13002778"
"ZE1 0SU",10,445636,1140195,"S92000003","","S08000026","","S12000027","S13002778"
"ZE1 0SW",10,447461,1141869,"S92000003","","S08000026","","S12000027","S13002777"
"ZE1 0SX",10,446036,1140179,"S92000003","","S08000026","","S12000027","S13002778"
"ZE1 0SY",10,446238,1140988,"S92000003","","S08000026","","S12000027","S13002778"
"ZE1 0SZ",10,446270,1140125,"S92000003","","S08000026","","S12000027","S13002778"
"ZE1 0TA",10,446402,1142976,"S92000003","","S08000026","","S12000027","S13002777"
"ZE1 0TB",10,446981,1141029,"S92000003","","S08000026","","S12000027","S13002778"
"ZE1 0TE",10,440505,1139692,"S92000003","","S08000026","","S12000027","S13002775"
"ZE1 0TF",10,440526,1139699,"S92000003","","S08000026","","S12000027","S13002775"
"ZE1 0TG",10,446978,1140886,"S92000003","","S08000026","","S12000027","S13002778"
"ZE1 0TH",10,440410,1139332,"S92000003","","S08000026","","S12000027","S13002775"
"ZE1 0TJ",10,440047,1139451,"S92000003","","S08000026","","S12000027","S13002775"
"ZE1 0TL",10,440376,1139644,"S92000003","","S08000026","","S12000027","S13002775"
"ZE1 0TN",10,440457,1139707,"S92000003","","S08000026","","S12000027","S13002775"
"ZE1 0TP",10,440456,1139443,"S92000003","","S08000026","","S12000027","S13002775"
"ZE1 0TQ",10,440403,1139251,"S92000003","","S08000026","","S12000027","S13002775"
"ZE1 0TR",10,440288,1139452,"S92000003","","S08000026","","S12000027","S13002775"
"ZE1 0TS",10,440398,1139468,"S92000003","","S08000026","","S12000027","S13002775"
"ZE1 0TT",10,440249,1139680,"S92000003","","S08000026","","S12000027","S13002775"
"ZE1 0TU",10,440197,1139481,"S92000003","","S08000026","","S12000027","S13002775"
"ZE1 0TW",10,446329,1142677,"S92000003","","S08000026","","S12000027","S13002777"
"ZE1 0TX",10,440255,1139597,"S92000003","","S08000026","","S12000027","S13002775"
"ZE1 0TZ",10,442754,1139418,"S92000003","","S08000026","","S12000027","S13002775"
"ZE1 0UA",10,440199,1139538,"S92000003","","S08000026","","S12000027","S13002775"
"ZE1 0UB",10,440193,1139653,"S92000003","","S08000026","","S12000027","S13002775"
"ZE1 0UD",10,440283,1139730,"S92000003","","S08000026","","S12000027","S13002775"
"ZE1 0UE",10,440224,1139581,"S92000003","","S08000026","","S12000027","S13002775"
"ZE1 0UF",10,447659,1141013,"S92000003","","S08000026","","S12000027","S13002778"
"ZE1 0UG",10,440962,1139647,"S92000003","","S08000026","","S12000027","S13002775"
"ZE1 0UH",10,440202,1139815,"S92000003","","S08000026","","S12000027","S13002775"
"ZE1 0UJ",10,440349,1139649,"S92000003","","S08000026","","S12000027","S13002775"
"ZE1 0UL",10,440433,1140462,"S92000003","","S08000026","","S12000027","S13002775"
"ZE1 0UN",10,439712,1138965,"S92000003","","S08000026","","S12000027","S13002775"
"ZE1 0UP",10,440582,1139915,"S92000003","","S08000026","","S12000027","S13002775"
"ZE1 0UQ",10,441032,1141773,"S92000003","","S08000026","","S12000027","S13002775"
"ZE1 0UR",10,441117,1139573,"S92000003","","S08000026","","S12000027","S13002775"
"ZE1 0US",10,440832,1138660,"S92000003","","S08000026","","S12000027","S13002775"
"ZE1 0UT",10,440143,1139704,"S92000003","","S08000026","","S12000027","S13002775"
"ZE1 0UU",10,440908,1139462,"S92000003","","S08000026","","S12000027","S13002775"
"ZE1 0UW",10,439662,1138987,"S92000003","","S08000026","","S12000027","S13002775"
"ZE1 0UX",10,440070,1139754,"S92000003","","S08000026","","S12000027","S13002775"
"ZE1 0UY",10,440147,1139625,"S92000003","","S08000026","","S12000027","S13002775"
"ZE1 0UZ",10,440912,1139751,"S92000003","","S08000026","","S12000027","S13002775"
"ZE1 0WD",10,447759,1141280,"S92000003","","S08000026","","S12000027","S13002777"
"ZE1 0WH",10,445707,1139899,"S92000003","","S08000026","","S12000027","S13002778"
"ZE1 0WJ",10,445727,1139858,"S92000003","","S08000026","","S12000027","S13002778"
"ZE1 0WL",10,445679,1139830,"S92000003","","S08000026","","S12000027","S13002778"
"ZE1 0WN",10,447968,1141201,"S92000003","","S08000026","","S12000027","S13002778"
"ZE1 0WP",10,447318,1141794,"S92000003","","S08000026","","S12000027","S13002777"
"ZE1 0WQ",10,447405,1141851,"S92000003","","S08000026","","S12000027","S13002777"
"ZE1 0WS",10,440920,1139846,"S92000003","","S08000026","","S12000027","S13002775"
"ZE1 0WT",10,445872,1139925,"S92000003","","S08000026","","S12000027","S13002778"
"ZE1 0WU",10,453829,1204150,"S92000003","","S08000026","","S12000027","S13002772"
"ZE1 0WW",10,447759,1141280,"S92000003","","S08000026","","S12000027","S13002777"
"ZE1 0WX",10,446882,1141861,"S92000003","","S08000026","","S12000027","S13002777"
"ZE1 0WY",10,445767,1139952,"S92000003","","S08000026","","S12000027","S13002778"
"ZE1 0WZ",10,446652,1140422,"S92000003","","S08000026","","S12000027","S13002778"
"ZE1 0XA",10,440057,1139549,"S92000003","","S08000026","","S12000027","S13002775"
"ZE1 0XB",10,439965,1139456,"S92000003","","S08000026","","S12000027","S13002775"
"ZE1 0XD",10,439876,1139432,"S92000003","","S08000026","","S12000027","S13002775"
"ZE1 0XG",10,439848,1139344,"S92000003","","S08000026","","S12000027","S13002775"
"ZE1 0XH",10,440090,1139498,"S92000003","","S08000026","","S12000027","S13002775"
"ZE1 0XJ",10,440069,1139442,"S92000003","","S08000026","","S12000027","S13002775"
"ZE1 0XL",10,439717,1137814,"S92000003","","S08000026","","S12000027","S13002775"
"ZE1 0XN",10,439374,1140895,"S92000003","","S08000026","","S12000027","S13002775"
"ZE1 0XT",10,440392,1139346,"S92000003","","S08000026","","S12000027","S13002775"
"ZE1 0XU",10,447511,1141613,"S92000003","","S08000026","","S12000027","S13002777"
"ZE1 0XY",10,446839,1143569,"S92000003","","S08000026","","S12000027","S13002777"
"ZE1 0YA",10,447888,1141004,"S92000003","","S08000026","","S12000027","S13002778"
"ZE1 0YB",10,448100,1140732,"S92000003","","S08000026","","S12000027","S13002778"
"ZE1 0YJ",10,447759,1141280,"S92000003","","S08000026","","S12000027","S13002777"
"ZE1 0YP",10,447606,1141331,"S92000003","","S08000026","","S12000027","S13002777"
"ZE1 0ZJ",10,446768,1140578,"S92000003","","S08000026","","S12000027","S13002778"
"ZE1 9SA",10,447500,1141412,"S92000003","","S08000026","","S12000027","S13002777"
"ZE1 9SB",10,447500,1141412,"S92000003","","S08000026","","S12000027","S13002777"
"ZE1 9SD",10,447500,1141412,"S92000003","","S08000026","","S12000027","S13002777"
"ZE1 9SE",10,447500,1141412,"S92000003","","S08000026","","S12000027","S13002777"
"ZE1 9SF",10,447500,1141412,"S92000003","","S08000026","","S12000027","S13002777"
"ZE1 9SG",10,447500,1141412,"S92000003","","S08000026","","S12000027","S13002777"
"ZE1 9SH",10,447500,1141412,"S92000003","","S08000026","","S12000027","S13002777"
"ZE1 9SJ",10,447500,1141412,"S92000003","","S08000026","","S12000027","S13002777"
"ZE1 9SL",10,447500,1141412,"S92000003","","S08000026","","S12000027","S13002777"
"ZE1 9SN",10,447500,1141412,"S92000003","","S08000026","","S12000027","S13002777"
"ZE1 9SP",10,447500,1141412,"S92000003","","S08000026","","S12000027","S13002777"
"ZE1 9SQ",10,447500,1141412,"S92000003","","S08000026","","S12000027","S13002777"
"ZE1 9SR",10,447500,1141412,"S92000003","","S08000026","","S12000027","S13002777"
"ZE1 9SS",10,447500,1141412,"S92000003","","S08000026","","S12000027","S13002777"
"ZE1 9ST",10,447500,1141412,"S92000003","","S08000026","","S12000027","S13002777"
"ZE1 9SU",10,447500,1141412,"S92000003","","S08000026","","S12000027","S13002777"
"ZE1 9SW",10,447500,1141412,"S92000003","","S08000026","","S12000027","S13002777"
"ZE1 9SX",10,447500,1141412,"S92000003","","S08000026","","S12000027","S13002777"
"ZE1 9SY",10,447500,1141412,"S92000003","","S08000026","","S12000027","S13002777"
"ZE1 9SZ",10,447500,1141412,"S92000003","","S08000026","","S12000027","S13002777"
"ZE1 9TA",10,447500,1141412,"S92000003","","S08000026","","S12000027","S13002777"
"ZE1 9TB",10,447500,1141412,"S92000003","","S08000026","","S12000027","S13002777"
"ZE1 9ZZ",50,447759,1141280,"S92000003","","S08000026","","S12000027","S13002777"
"ZE2 9AA",10,454065,1162174,"S92000003","","S08000026","","S12000027","S13002772"
"ZE2 9AB",10,454264,1162315,"S92000003","","S08000026","","S12000027","S13002772"
"ZE2 9AD",10,454237,1162697,"S92000003","","S08000026","","S12000027","S13002772"
"ZE2 9AE",10,454372,1163498,"S92000003","","S08000026","","S12000027","S13002772"
"ZE2 9AF",10,454333,1163266,"S92000003","","S08000026","","S12000027","S13002772"
"ZE2 9AG",10,454375,1161569,"S92000003","","S08000026","","S12000027","S13002772"
"ZE2 9AH",10,456079,1162385,"S92000003","","S08000026","","S12000027","S13002772"
"ZE2 9AJ",10,457832,1164164,"S92000003","","S08000026","","S12000027","S13002772"
"ZE2 9AL",10,455560,1164911,"S92000003","","S08000026","","S12000027","S13002772"
"ZE2 9AN",10,456915,1165793,"S92000003","","S08000026","","S12000027","S13002772"
"ZE2 9AP",10,455286,1164514,"S92000003","","S08000026","","S12000027","S13002772"
"ZE2 9AQ",10,454771,1162355,"S92000003","","S08000026","","S12000027","S13002772"
"ZE2 9AR",10,468841,1171751,"S92000003","","S08000026","","S12000027","S13002772"
"ZE2 9AS",10,468187,1171656,"S92000003","","S08000026","","S12000027","S13002772"
"ZE2 9AT",10,468425,1171544,"S92000003","","S08000026","","S12000027","S13002772"
"ZE2 9AU",10,452030,1185151,"S92000003","","S08000026","","S12000027","S13002772"
"ZE2 9AW",10,459095,1166405,"S92000003","","S08000026","","S12000027","S13002772"
"ZE2 9AX",10,453386,1186693,"S92000003","","S08000026","","S12000027","S13002772"
"ZE2 9AY",10,452042,1179837,"S92000003","","S08000026","","S12000027","S13002772"
"ZE2 9AZ",10,452013,1179470,"S92000003","","S08000026","","S12000027","S13002772"
"ZE2 9BA",10,450461,1180020,"S92000003","","S08000026","","S12000027","S13002772"
"ZE2 9BB",10,453839,1204176,"S92000003","","S08000026","","S12000027","S13002772"
"ZE2 9BD",10,446413,1180084,"S92000003","","S08000026","","S12000027","S13002772"
"ZE2 9BE",10,447954,1178697,"S92000003","","S08000026","","S12000027","S13002772"
"ZE2 9BF",10,451600,1190485,"S92000003","","S08000026","","S12000027","S13002772"
"ZE2 9BG",10,445677,1182697,"S92000003","","S08000026","","S12000027","S13002772"
"ZE2 9BH",10,445097,1188513,"S92000003","","S08000026","","S12000027","S13002772"
"ZE2 9BJ",10,450684,1190943,"S92000003","","S08000026","","S12000027","S13002772"
"ZE2 9BL",10,446939,1193042,"S92000003","","S08000026","","S12000027","S13002772"
"ZE2 9BN",10,451117,1191244,"S92000003","","S08000026","","S12000027","S13002772"
"ZE2 9BP",10,451565,1190842,"S92000003","","S08000026","","S12000027","S13002772"
"ZE2 9BQ",10,454564,1162273,"S92000003","","S08000026","","S12000027","S13002772"
"ZE2 9BS",10,451512,1190666,"S92000003","","S08000026","","S12000027","S13002772"
"ZE2 9BT",10,451722,1190757,"S92000003","","S08000026","","S12000027","S13002772"
"ZE2 9BU",10,453678,1189495,"S92000003","","S08000026","","S12000027","S13002772"
"ZE2 9BW",10,451591,1190814,"S92000003","","S08000026","","S12000027","S13002772"
"ZE2 9BX",10,451087,1191204,"S92000003","","S08000026","","S12000027","S13002772"
"ZE2 9BY",10,435846,1167228,"S92000003","","S08000026","","S12000027","S13002773"
"ZE2 9BZ",10,453793,1204092,"S92000003","","S08000026","","S12000027","S13002772"
"ZE2 9DA",10,451547,1192248,"S92000003","","S08000026","","S12000027","S13002772"
"ZE2 9DB",10,452267,1194462,"S92000003","","S08000026","","S12000027","S13002772"
"ZE2 9DD",10,453360,1203768,"S92000003","","S08000026","","S12000027","S13002772"
"ZE2 9DE",10,453703,1203988,"S92000003","","S08000026","","S12000027","S13002772"
"ZE2 9DF",10,454414,1198681,"S92000003","","S08000026","","S12000027","S13002772"
"ZE2 9DG",10,452138,1197855,"S92000003","","S08000026","","S12000027","S13002772"
"ZE2 9DH",10,449392,1140499,"S92000003","","S08000026","","S12000027","S13002777"
"ZE2 9DJ",10,462587,1190584,"S92000003","","S08000026","","S12000027","S13002772"
"ZE2 9DL",10,460366,1200957,"S92000003","","S08000026","","S12000027","S13002772"
"ZE2 9DN",10,459957,1200769,"S92000003","","S08000026","","S12000027","S13002772"
"ZE2 9DP",10,462190,1208804,"S92000003","","S08000026","","S12000027","S13002772"
"ZE2 9DQ",10,451539,1198570,"S92000003","","S08000026","","S12000027","S13002772"
"ZE2 9DR",10,462357,1208950,"S92000003","","S08000026","","S12000027","S13002772"
"ZE2 9DS",10,463106,1209660,"S92000003","","S08000026","","S12000027","S13002772"
"ZE2 9DT",10,462810,1208129,"S92000003","","S08000026","","S12000027","S13002772"
"ZE2 9DU",10,462064,1209439,"S92000003","","S08000026","","S12000027","S13002772"
"ZE2 9DW",10,458624,1201829,"S92000003","","S08000026","","S12000027","S13002772"
"ZE2 9DX",10,460868,1208766,"S92000003","","S08000026","","S12000027","S13002772"
"ZE2 9DY",10,461080,1208925,"S92000003","","S08000026","","S12000027","S13002772"
"ZE2 9DZ",10,460327,1209796,"S92000003","","S08000026","","S12000027","S13002772"
"ZE2 9EA",10,462124,1208868,"S92000003","","S08000026","","S12000027","S13002772"
"ZE2 9EB",10,462008,1208953,"S92000003","","S08000026","","S12000027","S13002772"
"ZE2 9ED",10,463677,1212478,"S92000003","","S08000026","","S12000027","S13002772"
"ZE2 9EE",10,463709,1212207,"S92000003","","S08000026","","S12000027","S13002772"
"ZE2 9EF",10,464677,1213516,"S92000003","","S08000026","","S12000027","S13002772"
"ZE2 9EG",10,442838,1124325,"S92000003","","S08000026","","S12000027","S13002776"
"ZE2 9EH",10,459978,1200676,"S92000003","","S08000026","","S12000027","S13002772"
"ZE2 9EJ",10,464595,1213447,"S92000003","","S08000026","","S12000027","S13002772"
"ZE2 9EL",10,449170,1141584,"S92000003","","S08000026","","S12000027","S13002777"
"ZE2 9EN",10,449211,1141441,"S92000003","","S08000026","","S12000027","S13002777"
"ZE2 9EP",10,449618,1143456,"S92000003","","S08000026","","S12000027","S13002777"
"ZE2 9EQ",10,461626,1213615,"S92000003","","S08000026","","S12000027","S13002772"
"ZE2 9ER",10,449324,1139810,"S92000003","","S08000026","","S12000027","S13002777"
"ZE2 9ES",10,450362,1141146,"S92000003","","S08000026","","S12000027","S13002777"
"ZE2 9ET",10,449431,1140267,"S92000003","","S08000026","","S12000027","S13002777"
"ZE2 9EU",10,449494,1140296,"S92000003","","S08000026","","S12000027","S13002777"
"ZE2 9EW",10,447922,1143069,"S92000003","","S08000026","","S12000027","S13002777"
"ZE2 9EX",10,443928,1137047,"S92000003","","S08000026","","S12000027","S13002778"
"ZE2 9EY",10,443062,1135126,"S92000003","","S08000026","","S12000027","S13002776"
"ZE2 9EZ",10,441315,1135047,"S92000003","","S08000026","","S12000027","S13002776"
"ZE2 9FA",10,451567,1192367,"S92000003","","S08000026","","S12000027","S13002772"
"ZE2 9FB",10,454485,1162158,"S92000003","","S08000026","","S12000027","S13002772"
"ZE2 9FD",10,443888,1138463,"S92000003","","S08000026","","S12000027","S13002778"
"ZE2 9FE",10,443983,1138453,"S92000003","","S08000026","","S12000027","S13002778"
"ZE2 9FG",10,444060,1138469,"S92000003","","S08000026","","S12000027","S13002778"
"ZE2 9GA",10,438042,1121432,"S92000003","","S08000026","","S12000027","S13002776"
"ZE2 9GB",10,438418,1114797,"S92000003","","S08000026","","S12000027","S13002776"
"ZE2 9GD",10,443821,1137843,"S92000003","","S08000026","","S12000027","S13002778"
"ZE2 9GE",10,443639,1137964,"S92000003","","S08000026","","S12000027","S13002778"
"ZE2 9GF",10,443694,1138108,"S92000003","","S08000026","","S12000027","S13002778"
"ZE2 9GG",10,442891,1124264,"S92000003","","S08000026","","S12000027","S13002776"
"ZE2 9GJ",10,439222,1147353,"S92000003","","S08000026","","S12000027","S13002774"
"ZE2 9GL",10,439233,1148388,"S92000003","","S08000026","","S12000027","S13002774"
"ZE2 9GW",10,442491,1145385,"S92000003","","S08000026","","S12000027","S13002775"
"ZE2 9GY",10,440472,1120112,"S92000003","","S08000026","","S12000027","S13002776"
"ZE2 9GZ",10,434472,1155814,"S92000003","","S08000026","","S12000027","S13002774"
"ZE2 9HA",10,443495,1132026,"S92000003","","S08000026","","S12000027","S13002776"
"ZE2 9HB",10,443088,1129501,"S92000003","","S08000026","","S12000027","S13002776"
"ZE2 9HD",10,443166,1130100,"S92000003","","S08000026","","S12000027","S13002776"
"ZE2 9HE",10,443112,1130056,"S92000003","","S08000026","","S12000027","S13002776"
"ZE2 9HF",10,443157,1128408,"S92000003","","S08000026","","S12000027","S13002776"
"ZE2 9HG",10,444067,1130017,"S92000003","","S08000026","","S12000027","S13002776"
"ZE2 9HH",10,442180,1124095,"S92000003","","S08000026","","S12000027","S13002776"
"ZE2 9HJ",10,442057,1124262,"S92000003","","S08000026","","S12000027","S13002776"
"ZE2 9HL",10,441563,1123820,"S92000003","","S08000026","","S12000027","S13002776"
"ZE2 9HN",10,442619,1124629,"S92000003","","S08000026","","S12000027","S13002776"
"ZE2 9HP",10,443223,1125055,"S92000003","","S08000026","","S12000027","S13002776"
"ZE2 9HQ",10,443139,1130170,"S92000003","","S08000026","","S12000027","S13002776"
"ZE2 9HR",10,441674,1123893,"S92000003","","S08000026","","S12000027","S13002776"
"ZE2 9HS",10,443046,1124719,"S92000003","","S08000026","","S12000027","S13002776"
"ZE2 9HT",10,442889,1124188,"S92000003","","S08000026","","S12000027","S13002776"
"ZE2 9HU",10,442249,1124033,"S92000003","","S08000026","","S12000027","S13002776"
"ZE2 9HW",10,443054,1123906,"S92000003","","S08000026","","S12000027","S13002776"
"ZE2 9HX",10,440771,1121002,"S92000003","","S08000026","","S12000027","S13002776"
"ZE2 9HY",10,440461,1123357,"S92000003","","S08000026","","S12000027","S13002776"
"ZE2 9HZ",10,443087,1124828,"S92000003","","S08000026","","S12000027","S13002776"
"ZE2 9JA",10,438002,1121445,"S92000003","","S08000026","","S12000027","S13002776"
"ZE2 9JB",10,438790,1115078,"S92000003","","S08000026","","S12000027","S13002776"
"ZE2 9JD",10,437380,1114202,"S92000003","","S08000026","","S12000027","S13002776"
"ZE2 9JE",10,437674,1117312,"S92000003","","S08000026","","S12000027","S13002776"
"ZE2 9JF",10,438509,1121581,"S92000003","","S08000026","","S12000027","S13002776"
"ZE2 9JG",10,439598,1115012,"S92000003","","S08000026","","S12000027","S13002776"
"ZE2 9JH",10,438554,1116708,"S92000003","","S08000026","","S12000027","S13002776"
"ZE2 9JJ",10,440397,1115578,"S92000003","","S08000026","","S12000027","S13002776"
"ZE2 9JL",10,442936,1124406,"S92000003","","S08000026","","S12000027","S13002776"
"ZE2 9JN",10,441933,1124676,"S92000003","","S08000026","","S12000027","S13002776"
"ZE2 9JP",10,443129,1129159,"S92000003","","S08000026","","S12000027","S13002776"
"ZE2 9JQ",10,440184,1116576,"S92000003","","S08000026","","S12000027","S13002776"
"ZE2 9JR",10,439573,1115460,"S92000003","","S08000026","","S12000027","S13002776"
"ZE2 9JS",10,443192,1129139,"S92000003","","S08000026","","S12000027","S13002776"
"ZE2 9JT",10,437580,1133803,"S92000003","","S08000026","","S12000027","S13002775"
"ZE2 9JU",10,420501,1070583,"S92000003","","S08000026","","S12000027","S13002776"
"ZE2 9JW",10,439399,1115480,"S92000003","","S08000026","","S12000027","S13002776"
"ZE2 9JX",10,443807,1138677,"S92000003","","S08000026","","S12000027","S13002778"
"ZE2 9JY",10,436962,1135922,"S92000003","","S08000026","","S12000027","S13002775"
"ZE2 9JZ",10,437072,1136013,"S92000003","","S08000026","","S12000027","S13002775"
"ZE2 9LA",10,437088,1135781,"S92000003","","S08000026","","S12000027","S13002775"
"ZE2 9LB",10,437809,1135415,"S92000003","","S08000026","","S12000027","S13002775"
"ZE2 9LD",10,437132,1133263,"S92000003","","S08000026","","S12000027","S13002775"
"ZE2 9LE",10,437688,1132287,"S92000003","","S08000026","","S12000027","S13002775"
"ZE2 9LF",10,437332,1135732,"S92000003","","S08000026","","S12000027","S13002775"
"ZE2 9LG",10,439134,1148189,"S92000003","","S08000026","","S12000027","S13002774"
"ZE2 9LH",10,440888,1151611,"S92000003","","S08000026","","S12000027","S13002774"
"ZE2 9LJ",10,439867,1145916,"S92000003","","S08000026","","S12000027","S13002774"
"ZE2 9LL",10,438639,1144420,"S92000003","","S08000026","","S12000027","S13002774"
"ZE2 9LN",10,438503,1150670,"S92000003","","S08000026","","S12000027","S13002774"
"ZE2 9LP",10,441743,1155169,"S92000003","","S08000026","","S12000027","S13002774"
"ZE2 9LQ",10,438808,1150105,"S92000003","","S08000026","","S12000027","S13002774"
"ZE2 9LR",10,438667,1149799,"S92000003","","S08000026","","S12000027","S13002774"
"ZE2 9LS",10,434030,1153297,"S92000003","","S08000026","","S12000027","S13002774"
"ZE2 9LT",10,435973,1151137,"S92000003","","S08000026","","S12000027","S13002774"
"ZE2 9LU",10,435455,1148759,"S92000003","","S08000026","","S12000027","S13002774"
"ZE2 9LW",10,439487,1153093,"S92000003","","S08000026","","S12000027","S13002774"
"ZE2 9LX",10,431887,1156179,"S92000003","","S08000026","","S12000027","S13002774"
"ZE2 9LY",10,431021,1152196,"S92000003","","S08000026","","S12000027","S13002774"
"ZE2 9LZ",10,429775,1152434,"S92000003","","S08000026","","S12000027","S13002774"
"ZE2 9NA",10,433078,1152292,"S92000003","","S08000026","","S12000027","S13002774"
"ZE2 9NB",10,434329,1155640,"S92000003","","S08000026","","S12000027","S13002774"
"ZE2 9ND",10,434058,1157398,"S92000003","","S08000026","","S12000027","S13002774"
"ZE2 9NE",10,435398,1157244,"S92000003","","S08000026","","S12000027","S13002774"
"ZE2 9NF",10,434882,1155688,"S92000003","","S08000026","","S12000027","S13002774"
"ZE2 9NG",10,433425,1150484,"S92000003","","S08000026","","S12000027","S13002774"
"ZE2 9NH",10,433156,1147970,"S92000003","","S08000026","","S12000027","S13002774"
"ZE2 9NJ",10,432471,1144549,"S92000003","","S08000026","","S12000027","S13002774"
"ZE2 9NL",10,430549,1143986,"S92000003","","S08000026","","S12000027","S13002774"
"ZE2 9NN",10,433376,1152242,"S92000003","","S08000026","","S12000027","S13002774"
"ZE2 9NP",10,426662,1151228,"S92000003","","S08000026","","S12000027","S13002774"
"ZE2 9NQ",10,434347,1147784,"S92000003","","S08000026","","S12000027","S13002774"
"ZE2 9NR",10,428202,1149264,"S92000003","","S08000026","","S12000027","S13002774"
"ZE2 9NS",10,430172,1150358,"S92000003","","S08000026","","S12000027","S13002774"
"ZE2 9NT",10,426502,1157095,"S92000003","","S08000026","","S12000027","S13002774"
"ZE2 9NU",10,442353,1123698,"S92000003","","S08000026","","S12000027","S13002776"
"ZE2 9NW",10,434672,1155592,"S92000003","","S08000026","","S12000027","S13002774"
"ZE2 9NX",10,438697,1150065,"S92000003","","S08000026","","S12000027","S13002774"
"ZE2 9NY",10,431198,1144738,"S92000003","","S08000026","","S12000027","S13002774"
"ZE2 9NZ",10,441986,1123690,"S92000003","","S08000026","","S12000027","S13002776"
"ZE2 9PA",10,422629,1146904,"S92000003","","S08000026","","S12000027","S13002774"
"ZE2 9PB",10,423708,1149099,"S92000003","","S08000026","","S12000027","S13002774"
"ZE2 9PD",10,421969,1148528,"S92000003","","S08000026","","S12000027","S13002774"
"ZE2 9PE",10,419647,1150801,"S92000003","","S08000026","","S12000027","S13002774"
"ZE2 9PF",10,424596,1149053,"S92000003","","S08000026","","S12000027","S13002774"
"ZE2 9PG",10,423908,1149089,"S92000003","","S08000026","","S12000027","S13002774"
"ZE2 9PH",10,424184,1150180,"S92000003","","S08000026","","S12000027","S13002774"
"ZE2 9PJ",10,424662,1150965,"S92000003","","S08000026","","S12000027","S13002774"
"ZE2 9PL",10,419558,1157303,"S92000003","","S08000026","","S12000027","S13002774"
"ZE2 9PN",10,397031,1138814,"S92000003","","S08000026","","S12000027","S13002774"
"ZE2 9PP",10,445969,1154515,"S92000003","","S08000026","","S12000027","S13002773"
"ZE2 9PQ",10,424010,1149358,"S92000003","","S08000026","","S12000027","S13002774"
"ZE2 9PR",10,447889,1159746,"S92000003","","S08000026","","S12000027","S13002773"
"ZE2 9PS",10,447488,1153759,"S92000003","","S08000026","","S12000027","S13002773"
"ZE2 9PT",10,440849,1164697,"S92000003","","S08000026","","S12000027","S13002773"
"ZE2 9PU",10,440820,1163951,"S92000003","","S08000026","","S12000027","S13002773"
"ZE2 9PW",10,417746,1160295,"S92000003","","S08000026","","S12000027","S13002774"
"ZE2 9PX",10,440452,1162936,"S92000003","","S08000026","","S12000027","S13002773"
"ZE2 9PY",10,436868,1161993,"S92000003","","S08000026","","S12000027","S13002773"
"ZE2 9PZ",10,442958,1168893,"S92000003","","S08000026","","S12000027","S13002773"
"ZE2 9QA",10,448129,1164894,"S92000003","","S08000026","","S12000027","S13002773"
"ZE2 9QB",10,448404,1165295,"S92000003","","S08000026","","S12000027","S13002773"
"ZE2 9QD",10,446094,1163696,"S92000003","","S08000026","","S12000027","S13002773"
"ZE2 9QE",10,446296,1166247,"S92000003","","S08000026","","S12000027","S13002773"
"ZE2 9QF",10,448727,1169462,"S92000003","","S08000026","","S12000027","S13002773"
"ZE2 9QG",10,435403,1168044,"S92000003","","S08000026","","S12000027","S13002773"
"ZE2 9QH",10,435920,1167323,"S92000003","","S08000026","","S12000027","S13002773"
"ZE2 9QJ",10,436046,1167312,"S92000003","","S08000026","","S12000027","S13002773"
"ZE2 9QL",10,435971,1165487,"S92000003","","S08000026","","S12000027","S13002773"
"ZE2 9QN",10,434649,1167179,"S92000003","","S08000026","","S12000027","S13002773"
"ZE2 9QP",10,437679,1170941,"S92000003","","S08000026","","S12000027","S13002773"
"ZE2 9QQ",10,436031,1167547,"S92000003","","S08000026","","S12000027","S13002773"
"ZE2 9QR",10,441181,1173700,"S92000003","","S08000026","","S12000027","S13002773"
"ZE2 9QS",10,437238,1165192,"S92000003","","S08000026","","S12000027","S13002773"
"ZE2 9QT",10,443503,1176574,"S92000003","","S08000026","","S12000027","S13002773"
"ZE2 9QU",10,436137,1166325,"S92000003","","S08000026","","S12000027","S13002773"
"ZE2 9QW",10,434089,1164584,"S92000003","","S08000026","","S12000027","S13002773"
"ZE2 9QX",10,424082,1149867,"S92000003","","S08000026","","S12000027","S13002774"
"ZE2 9QY",10,436057,1167391,"S92000003","","S08000026","","S12000027","S13002773"
"ZE2 9QZ",10,440790,1164101,"S92000003","","S08000026","","S12000027","S13002773"
"ZE2 9RA",10,445190,1175436,"S92000003","","S08000026","","S12000027","S13002773"
"ZE2 9RB",10,444956,1175289,"S92000003","","S08000026","","S12000027","S13002773"
"ZE2 9RD",10,435417,1172697,"S92000003","","S08000026","","S12000027","S13002773"
"ZE2 9RE",10,433688,1169788,"S92000003","","S08000026","","S12000027","S13002773"
"ZE2 9RF",10,434318,1175238,"S92000003","","S08000026","","S12000027","S13002773"
"ZE2 9RG",10,431148,1176841,"S92000003","","S08000026","","S12000027","S13002773"
"ZE2 9RH",10,430200,1178622,"S92000003","","S08000026","","S12000027","S13002773"
"ZE2 9RJ",10,430373,1178354,"S92000003","","S08000026","","S12000027","S13002773"
"ZE2 9RL",10,429458,1180809,"S92000003","","S08000026","","S12000027","S13002773"
"ZE2 9RN",10,435162,1172685,"S92000003","","S08000026","","S12000027","S13002773"
"ZE2 9RP",10,427750,1178219,"S92000003","","S08000026","","S12000027","S13002773"
"ZE2 9RQ",10,430618,1173363,"S92000003","","S08000026","","S12000027","S13002773"
"ZE2 9RS",10,423424,1179683,"S92000003","","S08000026","","S12000027","S13002773"
"ZE2 9RT",10,436140,1180059,"S92000003","","S08000026","","S12000027","S13002773"
"ZE2 9RU",10,434882,1177793,"S92000003","","S08000026","","S12000027","S13002773"
"ZE2 9RW",10,428568,1177325,"S92000003","","S08000026","","S12000027","S13002773"
"ZE2 9RX",10,434301,1182411,"S92000003","","S08000026","","S12000027","S13002773"
"ZE2 9RY",10,436704,1189486,"S92000003","","S08000026","","S12000027","S13002773"
"ZE2 9RZ",10,436673,1185041,"S92000003","","S08000026","","S12000027","S13002773"
"ZE2 9SA",10,436647,1180622,"S92000003","","S08000026","","S12000027","S13002773"
"ZE2 9SB",10,442449,1144102,"S92000003","","S08000026","","S12000027","S13002775"
"ZE2 9SD",10,442751,1144605,"S92000003","","S08000026","","S12000027","S13002775"
"ZE2 9SE",10,443055,1145305,"S92000003","","S08000026","","S12000027","S13002775"
"ZE2 9SF",10,444167,1146461,"S92000003","","S08000026","","S12000027","S13002775"
"ZE2 9SG",10,443229,1146734,"S92000003","","S08000026","","S12000027","S13002775"
"ZE2 9SH",10,442278,1144758,"S92000003","","S08000026","","S12000027","S13002775"
"ZE2 9SJ",10,436102,1168468,"S92000003","","S08000026","","S12000027","S13002773"
"ZE2 9SL",10,435865,1167760,"S92000003","","S08000026","","S12000027","S13002773"
"ZE2 9SN",10,435849,1168512,"S92000003","","S08000026","","S12000027","S13002773"
"ZE2 9SP",10,435960,1168521,"S92000003","","S08000026","","S12000027","S13002773"
"ZE2 9SQ",10,443010,1150244,"S92000003","","S08000026","","S12000027","S13002775"
"ZE2 9SR",10,435967,1168443,"S92000003","","S08000026","","S12000027","S13002773"
"ZE2 9SS",10,436001,1168415,"S92000003","","S08000026","","S12000027","S13002773"
"ZE2 9ST",10,435909,1168431,"S92000003","","S08000026","","S12000027","S13002773"
"ZE2 9SU",10,435891,1168377,"S92000003","","S08000026","","S12000027","S13002773"
"ZE2 9SW",10,435913,1168617,"S92000003","","S08000026","","S12000027","S13002773"
"ZE2 9SX",10,435836,1168385,"S92000003","","S08000026","","S12000027","S13002773"
"ZE2 9SY",10,435765,1168364,"S92000003","","S08000026","","S12000027","S13002773"
"ZE2 9SZ",10,435801,1168495,"S92000003","","S08000026","","S12000027","S13002773"
"ZE2 9TA",10,462092,1209525,"S92000003","","S08000026","","S12000027","S13002772"
"ZE2 9TD",10,444892,1175033,"S92000003","","S08000026","","S12000027","S13002773"
"ZE2 9TE",10,444085,1173936,"S92000003","","S08000026","","S12000027","S13002773"
"ZE2 9TF",10,444541,1174269,"S92000003","","S08000026","","S12000027","S13002773"
"ZE2 9TG",10,445181,1175504,"S92000003","","S08000026","","S12000027","S13002773"
"ZE2 9TH",10,445211,1175373,"S92000003","","S08000026","","S12000027","S13002773"
"ZE2 9TL",10,444428,1174088,"S92000003","","S08000026","","S12000027","S13002773"
"ZE2 9TN",10,464373,1213297,"S92000003","","S08000026","","S12000027","S13002772"
"ZE2 9TP",10,464468,1213451,"S92000003","","S08000026","","S12000027","S13002772"
"ZE2 9TQ",10,445152,1175434,"S92000003","","S08000026","","S12000027","S13002773"
"ZE2 9TR",10,443042,1144347,"S92000003","","S08000026","","S12000027","S13002775"
"ZE2 9TS",10,454437,1163405,"S92000003","","S08000026","","S12000027","S13002772"
"ZE2 9TT",10,435207,1167869,"S92000003","","S08000026","","S12000027","S13002773"
"ZE2 9TU",10,440032,1175079,"S92000003","","S08000026","","S12000027","S13002773"
"ZE2 9TW",10,463620,1210091,"S92000003","","S08000026","","S12000027","S13002772"
"ZE2 9TX",10,444384,1139345,"S92000003","","S08000026","","S12000027","S13002778"
"ZE2 9TY",10,435982,1168011,"S92000003","","S08000026","","S12000027","S13002773"
"ZE2 9TZ",10,434708,1167580,"S92000003","","S08000026","","S12000027","S13002773"
"ZE2 9UA",10,435024,1167958,"S92000003","","S08000026","","S12000027","S13002773"
"ZE2 9UB",10,447864,1165477,"S92000003","","S08000026","","S12000027","S13002773"
"ZE2 9UD",20,434744,1167772,"S92000003","","S08000026","","S12000027","S13002773"
"ZE2 9UE",10,442720,1124140,"S92000003","","S08000026","","S12000027","S13002776"
"ZE2 9UJ",10,442813,1124118,"S92000003","","S08000026","","S12000027","S13002776"
"ZE2 9UL",10,443640,1146216,"S92000003","","S08000026","","S12000027","S13002775"
"ZE2 9UN",10,440933,1176450,"S92000003","","S08000026","","S12000027","S13002773"
"ZE2 9UP",10,440246,1172957,"S92000003","","S08000026","","S12000027","S13002773"
"ZE2 9UR",10,439920,1173615,"S92000003","","S08000026","","S12000027","S13002773"
"ZE2 9US",10,442927,1144439,"S92000003","","S08000026","","S12000027","S13002775"
"ZE2 9UT",10,462188,1208199,"S92000003","","S08000026","","S12000027","S13002772"
"ZE2 9UW",10,444184,1130313,"S92000003","","S08000026","","S12000027","S13002776"
"ZE2 9UX",10,435960,1168758,"S92000003","","S08000026","","S12000027","S13002773"
"ZE2 9UY",10,436936,1131536,"S92000003","","S08000026","","S12000027","S13002775"
"ZE2 9UZ",10,436063,1168567,"S92000003","","S08000026","","S12000027","S13002773"
"ZE2 9WH",10,443396,1145836,"S92000003","","S08000026","","S12000027","S13002775"
"ZE2 9WJ",10,442771,1124079,"S92000003","","S08000026","","S12000027","S13002776"
"ZE2 9WL",10,434827,1167521,"S92000003","","S08000026","","S12000027","S13002773"
"ZE2 9XA",10,446437,1153174,"S92000003","","S08000026","","S12000027","S13002773"
"ZE2 9XB",10,424222,1149682,"S92000003","","S08000026","","S12000027","S13002774"
"ZE2 9XF",10,440920,1164007,"S92000003","","S08000026","","S12000027","S13002773"
"ZE2 9XG",10,436402,1189333,"S92000003","","S08000026","","S12000027","S13002773"
"ZE2 9XH",10,442786,1144406,"S92000003","","S08000026","","S12000027","S13002775"
"ZE2 9XJ",10,441895,1145130,"S92000003","","S08000026","","S12000027","S13002775"
"ZE2 9XL",10,461684,1209313,"S92000003","","S08000026","","S12000027","S13002772"
"ZE2 9XN",10,436956,1135966,"S92000003","","S08000026","","S12000027","S13002775"
"ZE2 9XP",10,428653,1177267,"S92000003","","S08000026","","S12000027","S13002773"
"ZE2 9XQ",10,440369,1164159,"S92000003","","S08000026","","S12000027","S13002773"
"ZE2 9XS",10,436027,1167854,"S92000003","","S08000026","","S12000027","S13002773"
"ZE2 9XT",10,443227,1145809,"S92000003","","S08000026","","S12000027","S13002775"
"ZE2 9XU",10,436914,1136139,"S92000003","","S08000026","","S12000027","S13002775"
"ZE2 9XW",10,436956,1136073,"S92000003","","S08000026","","S12000027","S13002775"
"ZE2 9YL",10,417320,1159962,"S92000003","","S08000026","","S12000027","S13002774"
"ZE3 9JJ",10,438851,1111529,"S92000003","","S08000026","","S12000027","S13002776"
"ZE3 9JL",10,438892,1111459,"S92000003","","S08000026","","S12000027","S13002776"
"ZE3 9JN",10,440383,1109391,"S92000003","","S08000026","","S12000027","S13002776"
"ZE3 9JP",10,439324,1110386,"S92000003","","S08000026","","S12000027","S13002776"
"ZE3 9JR",10,438625,1112054,"S92000003","","S08000026","","S12000027","S13002776"
"ZE3 9JS",10,439599,1111933,"S92000003","","S08000026","","S12000027","S13002776"
"ZE3 9JT",10,438916,1109922,"S92000003","","S08000026","","S12000027","S13002776"
"ZE3 9JU",10,438872,1111807,"S92000003","","S08000026","","S12000027","S13002776"
"ZE3 9JW",10,438975,1110038,"S92000003","","S08000026","","S12000027","S13002776"
"ZE3 9JX",10,438872,1110219,"S92000003","","S08000026","","S12000027","S13002776"
"ZE3 9JY",10,438498,1112029,"S92000003","","S08000026","","S12000027","S13002776"
"ZE3 9JZ",10,438662,1112122,"S92000003","","S08000026","","S12000027","S13002776"
